,repo,language,sentiment,creation_date,subscribers,stars
0,100-Days-Of-ML-Code,Python,0.29080000000000006,2018-07-05 09:11:43,2265,27046
1,12306,Python,-0.09100392156862747,2017-05-17 12:23:40,568,17567
2,30-seconds-of-code,JavaScript,0.3991729166666667,2017-11-29 17:35:03,1751,51957
3,33-js-concepts,JavaScript,0.3303428571428571,2018-09-04 13:27:04,1021,30308
4,8cc,C,0.13312580645161293,2012-02-28 06:01:01,245,4502
5,ARouter,Java,-0.024736065573770477,2016-12-14 01:27:49,347,11063
6,AVLoadingIndicatorView,Java,0.12318000000000003,2015-10-24 20:18:33,258,9010
7,AdminLTE,JavaScript,0.270272641509434,2013-12-25 02:52:40,2065,32005
8,AiLearning,Python,0.048696875,2017-02-25 08:53:02,1344,21427
9,Android-Bootstrap,Java,0.23804864864864866,2013-11-01 15:36:17,395,7088
10,Android-CleanArchitecture,Java,0.31058941176470584,2014-08-19 14:09:26,868,13926
11,Android-Debug-Database,Java,0.1453478723404256,2016-11-16 14:20:24,180,6650
12,Android-ObservableScrollView,Java,0.06261904761904762,2014-11-08 14:45:20,416,9485
13,Android-PickerView,Java,-0.05445909090909091,2014-12-28 01:46:38,297,10988
14,Android-PullToRefresh,Java,0.11791428571428571,2011-11-29 09:59:56,992,8830
15,Android-SpinKit,Java,0.06217872340425532,2016-03-20 08:40:51,175,6761
16,Android-Universal-Image-Loader,Java,0.10338333333333333,2011-11-27 18:48:23,1397,16630
17,AndroidAsync,Java,0.06459705882352941,2012-08-24 07:27:04,421,6452
18,AndroidAutoSize,Java,-0.13597346938775504,2018-08-17 09:04:19,162,8700
19,AndroidSlidingUpPanel,Java,0.09553658536585366,2013-05-31 18:33:53,368,8718
20,AndroidViewAnimations,Java,0.10785106382978724,2014-06-23 03:53:13,457,10980
21,Apktool,Java,0.07492926829268291,2012-03-19 17:46:53,585,9104
22,AppImageKit,C,0.24214808362369333,2013-04-14 20:53:12,173,5042
23,Arduino,C,0.1353867647058824,2015-03-27 05:22:06,900,10345
24,Atlas,C,-0.1856261904761905,2013-12-18 10:14:57,551,4166
25,Atmosphere,C,0.1631704545454546,2018-01-18 07:36:33,426,3600
26,BGAQRCode-Android,C,0.01064285714285714,2014-12-23 15:40:12,197,6112
27,BaseRecyclerViewAdapterHelper,Java,0.031160273972602747,2016-04-10 07:40:11,539,18765
28,Boostnote,JavaScript,0.27905689655172417,2016-03-06 17:06:07,364,15901
29,BottomBar,Java,0.13928148148148148,2016-03-16 01:31:05,255,8331
30,Box2D,C,0.11236703296703297,2015-03-14 16:52:46,262,3651
31,CS-Notes,Java,-0.04070000000000001,2018-02-13 14:56:24,4227,83188
32,Calligraphy,Java,0.16072371794871793,2013-12-20 02:35:45,223,8449
33,Caramel,Haskell,0.2263,2015-09-27 22:12:46,14,369
34,Carp,Haskell,0.284104128440367,2016-01-11 12:54:09,97,3191
35,Cello,C,0.4379934426229507,2012-07-18 19:08:47,248,4991
36,Chart.js,JavaScript,0.27233870967741935,2013-03-17 23:56:36,1459,46115
37,ChatterBot,Python,0.19175757575757565,2014-09-28 14:49:00,526,9174
38,CheatSheetSeries,Python,0.41522067307692273,2018-12-21 14:26:43,365,10781
39,ChromeAppHeroes,Python,0.0,2019-02-07 06:35:24,350,10813
40,Cinder,C,0.35078780487804884,2010-04-21 19:03:10,294,3978
41,CircleImageView,Java,0.02260810810810813,2014-01-17 16:44:46,410,12518
42,CloudHaskell,Haskell,0.6328875,2011-02-14 15:37:42,29,346
43,CodeMirror,JavaScript,0.20850306122448978,2011-01-14 13:44:03,670,18953
44,CoreNLP,Java,0.14456794871794879,2013-06-27 21:13:49,528,6723
45,Craft,C,0.016229885057471274,2013-04-09 19:47:38,366,7507
46,DOOM,C,-0.8817333333333335,2012-01-31 21:28:06,280,4704
47,Daily-Interview-Question,JavaScript,-0.04921164772727278,2019-01-19 10:49:00,863,15765
48,DanmakuFlameMaster,Java,-0.1843901408450704,2013-08-11 12:18:50,402,8204
49,DeDRM_tools,Python,0.2551536082474227,2015-03-09 17:21:32,372,6630
50,Deep-Learning-Papers-Reading-Roadmap,Python,0.08570909090909092,2016-10-14 11:49:48,2149,24510
51,Detectron,Python,0.2702857142857143,2017-10-05 17:32:00,989,22362
52,EventBus,Java,0.13477500000000003,2012-07-16 16:55:40,1118,21852
53,EverydayWechat,Python,-0.0027730769230769293,2019-03-11 17:38:45,143,6540
54,ExoPlayer,Java,0.20366741573033703,2014-06-13 21:19:18,839,14375
55,FFmpeg,C,0.2802357142857143,2011-04-14 14:12:38,1146,17320
56,FP-Course-ITMO,Haskell,0.2202,2015-09-01 17:20:07,32,476
57,FastPhotoStyle,Python,0.119086,2018-02-14 17:29:52,291,9948
58,FileDownloader,Java,-0.05560000000000002,2015-12-22 11:17:16,315,9067
59,FizzBuzzEnterpriseEdition,Java,0.25221167883211676,2012-11-24 00:14:41,182,12051
60,FlycoTabLayout,Java,-0.0537560975609756,2015-11-09 01:53:19,226,9322
61,Font-Awesome,JavaScript,0.542796875,2012-02-17 14:19:43,1411,61431
62,Fragmentation,Java,-0.004796969696969701,2016-02-23 08:54:55,308,9211
63,FreeRDP,C,0.13411070110701095,2011-06-30 19:14:15,326,3611
64,Front-End-Checklist,JavaScript,0.27085,2017-10-16 10:12:36,1087,36761
65,Functional-Programming,Haskell,-0.44826666666666665,2015-02-10 15:07:42,106,2533
66,GSYVideoPlayer,Java,-0.1069140625,2016-11-13 12:34:31,361,12307
67,Ghost,JavaScript,0.11881200000000007,2013-05-04 11:09:13,1147,31768
68,GloVe,C,0.17839047619047615,2015-09-01 17:21:18,225,4227
69,HLearn,Haskell,0.2950595505617978,2012-07-18 00:08:33,146,1526
70,HaLVM,Haskell,0.23417419354838714,2012-03-29 22:39:16,88,973
71,HanLP,Java,-0.15744216867469876,2014-10-09 06:36:16,1026,16497
72,HandBrake,C,0.1179518518518519,2015-08-22 16:32:28,237,5179
73,HarmonyOS,C,0.008875000000000008,2019-08-09 11:24:00,754,13262
74,Haskell-Morte-Library,Haskell,0.3311433962264151,2014-08-27 04:23:55,24,343
75,Haskell-Pipes-Library,Haskell,0.21498333333333336,2012-01-08 23:53:01,33,412
76,Haskell-Turtle-Library,Haskell,0.3010620915032679,2015-01-18 02:53:20,28,722
77,HaskellR,Haskell,0.17100857142857143,2013-11-28 10:13:50,46,426
78,Haxl,Haskell,0.39748571428571433,2014-04-02 20:10:58,227,3661
79,HelloGitHub,Python,-0.07799999999999999,2016-05-04 06:24:11,1151,16856
80,How-to-Make-a-Computer-Operating-System,C,0.17515135135135138,2013-11-29 17:36:32,1683,18416
81,IHaskell,Haskell,0.19166350364963522,2013-08-26 07:16:09,48,2024
82,Idris-dev,Haskell,0.25481886792452835,2011-09-14 16:55:49,138,3043
83,ImplicitCAD,Haskell,0.25400000000000006,2011-10-21 22:02:27,52,775
84,InstaPy,Python,0.03132300000000001,2016-09-26 20:36:26,404,9028
85,ItChat,Python,-0.2145947368421053,2016-01-19 07:49:48,910,19102
86,JCSprout,Java,0.022893617021276635,2017-12-17 09:06:50,1607,22999
87,Java,Java,0.21925,2016-07-16 10:21:02,1238,19569
88,JavaGuide,Java,0.038595714285714275,2018-05-07 13:27:00,3310,61443
89,JiaoZiVideoPlayer,Java,-0.1402921052631579,2016-02-06 11:04:24,319,9906
90,LambdaHack,Haskell,0.20660363636363635,2010-10-02 12:59:47,20,356
91,LambdaNet,Haskell,-0.08854000000000002,2014-11-14 20:05:28,44,376
92,Learn-Algorithms,C,0.16786,2014-05-05 11:35:04,314,4143
93,LiteOS,C,0.11159999999999998,2016-09-11 14:25:51,342,3606
94,LitePal,Java,-0.06946,2013-02-20 03:20:07,297,6774
95,LtuPatternFactory,Haskell,0.0,2018-10-05 19:32:13,35,478
96,Luban,Java,-0.06996612903225806,2016-07-24 07:43:21,330,10986
97,MBE,C,-0.03475000000000002,2015-06-20 20:12:04,310,3453
98,ML-From-Scratch,Python,0.44748181818181826,2017-02-05 12:11:23,742,13751
99,MLAlgorithms,Python,0.08018666666666666,2016-10-05 06:46:45,426,7807
100,MPAndroidChart,Java,0.2774111111111111,2014-04-25 14:29:47,1120,29138
101,MVPArms,Java,-0.11157619047619047,2016-08-06 08:49:56,320,8998
102,MagicIndicator,Java,-0.07880303030303028,2016-06-26 08:20:43,144,7125
103,Marlin,C,0.10817241379310341,2011-08-13 08:07:20,749,6216
104,Mask_RCNN,Python,0.17732142857142857,2017-10-19 20:28:34,558,14792
105,Material-Animations,Java,0.17461999999999997,2015-03-08 20:54:00,531,13083
106,MaterialDesignLibrary,Java,-0.01669577464788732,2014-09-30 07:37:17,539,9095
107,Matisse,Java,-0.1432263157894737,2017-04-13 01:31:05,222,10421
108,Mock,JavaScript,0.03564285714285715,2013-04-26 08:06:57,409,13309
109,Motrix,JavaScript,-0.002206249999999998,2018-12-18 11:45:05,250,14493
110,Mybatis-PageHelper,Java,-0.024920481927710843,2014-06-09 15:32:30,506,8348
111,NLP-progress,Python,0.44135789473684217,2018-06-22 17:43:55,1059,12758
112,NativeBase,JavaScript,0.06307692307692309,2016-04-15 11:37:23,265,12983
113,NeteaseCloudMusicApi,JavaScript,-0.044933898305084735,2016-06-22 11:58:03,261,12682
114,NewPipe,Java,0.16449923076923065,2015-09-03 23:39:26,297,6934
115,OpenRefine,Java,0.33257169811320747,2012-10-15 02:22:48,516,6664
116,PayloadsAllTheThings,Python,0.0,2016-10-18 07:29:07,691,10707
117,PermissionsDispatcher,Java,0.20290769230769234,2015-08-15 21:41:05,276,9553
118,PhotoSwipe,JavaScript,0.3181366666666667,2011-04-07 05:46:29,608,19355
119,PhotoView,Java,0.1732545454545455,2012-07-17 16:39:00,661,16110
120,Pillow,Python,0.16313749999999996,2012-07-24 21:38:39,216,6801
121,PocketHub,Java,0.2869306930693069,2011-09-08 16:52:50,973,9438
122,Provenance,C,0.0933653846153846,2013-08-27 20:34:36,234,4030
123,PySnooper,Python,0.33046309523809525,2019-04-18 13:55:43,207,12879
124,Python,Python,0.1380566666666666,2016-07-16 09:44:01,3142,61458
125,QMUI_Android,Java,-0.10500551724137931,2017-04-21 10:03:18,264,9388
126,Quake-III-Arena,C,0.0,2012-01-31 19:39:13,298,4512
127,RetroArch,C,0.29778488372093015,2010-05-27 14:47:40,247,3769
128,RocAlphaGo,Python,0.29876410256410246,2016-02-01 00:40:29,957,8980
129,Rome,Haskell,0.14569805825242724,2016-08-08 13:47:49,11,527
130,RxAndroid,Java,0.2998,2014-08-19 03:46:38,1050,18618
131,RxJS,JavaScript,0.12403800000000004,2012-01-07 00:31:41,596,19738
132,RxPermissions,Java,0.07782395833333335,2015-09-29 13:55:09,220,9177
133,RxTool,Java,-0.2265666666666667,2016-09-24 09:30:45,399,10146
134,SQLAdvisor,C,-0.05511538461538461,2017-03-01 07:01:17,306,3998
135,Semantic-UI,JavaScript,0.12573125000000002,2013-04-08 23:32:04,1429,46818
136,Sentinel,Java,0.05379333333333335,2018-04-04 06:37:33,617,9756
137,Signal-Android,Java,0.20113968253968265,2011-12-15 20:01:12,730,12154
138,SlidingMenu,Java,0.037696969696969694,2012-06-30 05:14:23,1015,11206
139,SmartRefreshLayout,Java,-0.077772,2017-06-02 09:52:50,499,19290
140,SoftEtherVPN,C,0.2015885416666667,2014-01-02 12:40:57,607,6224
141,Son,Haskell,0.28019375,2017-01-31 21:34:31,10,359
142,Spock,Haskell,0.3100448979591837,2013-09-05 19:29:55,20,574
143,SpringAll,Java,0.0837,2018-05-02 02:48:44,500,10449
144,TDengine,C,-0.2648418181818182,2019-07-11 08:33:48,575,10458
145,Telegram,Java,-0.06071395348837208,2013-10-25 14:08:10,1015,12738
146,TencentOS-tiny,C,0.08729999999999999,2019-08-23 08:29:59,203,3424
147,TensorFlow-Course,Python,0.26335,2018-10-02 18:10:12,799,13712
148,Tesseract-OCR-iOS,C,0.13132906976744188,2013-04-30 10:38:14,196,3947
149,TextBlob,Python,0.017174603174603165,2013-06-30 18:29:18,278,6666
150,The-Art-Of-Programming-By-July,C,-0.19128399999999998,2013-12-14 10:00:06,1898,18326
151,Theano,Python,0.004640458015267178,2011-08-10 03:48:06,590,8986
152,Tidal,Haskell,0.25543293413173646,2010-09-09 11:00:10,80,998
153,Tinyhttpd,C,0.019733333333333335,2015-05-20 06:44:01,271,4055
154,TrumpScript,Python,0.0,2016-01-16 05:23:07,147,6980
155,USB-Rubber-Ducky,C,0.06591538461538463,2012-02-04 00:52:41,525,3467
156,UltimateAndroidReference,Java,0.2463,2017-04-10 07:28:27,395,6886
157,UltimateRecyclerView,Java,0.11931714285714286,2015-01-28 02:27:45,304,7100
158,Undecimus,C,0.08588740740740738,2018-09-06 12:07:10,367,5320
159,VasSonic,Java,-0.17556666666666665,2017-08-01 08:35:13,375,10394
160,ViewPagerIndicator,Java,0.06464943820224718,2011-08-04 17:13:44,704,10184
161,VirtualXposed,Java,-0.20484651162790696,2017-12-01 09:00:58,409,8490
162,WeChatLuckyMoney,Java,-0.09028,2015-09-30 16:11:20,453,6843
163,XSStrike,Python,-0.06064736842105265,2017-06-26 07:24:44,229,7322
164,XX-Net,Python,-0.08671768292682924,2015-01-15 09:35:51,1806,29100
165,YouCompleteMe,Python,0.17775173611111106,2012-04-16 03:12:14,601,20112
166,Zappa,Python,0.009978947368421058,2016-01-20 21:57:04,276,9909
167,ZeroNet,Python,0.2081634560906514,2015-01-12 00:41:38,855,14912
168,ZipArchive,C,0.17212102272727275,2010-08-19 20:28:21,157,4305
169,accelerate,Haskell,0.2668479838709677,2011-04-08 02:50:11,43,655
170,aeson,Haskell,0.2121603375527425,2011-01-21 21:24:26,31,879
171,agda,Haskell,0.03378521739130436,2015-08-08 17:51:48,55,1021
172,airflow,Python,0.1279528301886792,2015-04-13 18:04:58,661,14616
173,alga,Haskell,0.4425787965616044,2016-12-05 00:30:03,23,515
174,algo,Python,0.21173223140495864,2016-05-15 03:42:48,436,15884
175,algorithms,Python,0.16458571428571428,2016-11-17 22:32:08,638,16309
176,allennlp,Python,0.3294962686567164,2017-05-15 15:52:41,284,7526
177,amazeui,JavaScript,-0.07444166666666666,2014-08-04 14:23:37,878,13334
178,amazonka,Haskell,0.13022479999999995,2013-08-03 07:08:22,25,407
179,amphtml,JavaScript,0.21287083333333334,2015-09-01 22:10:53,703,13247
180,android-gpuimage,Java,0.2012638888888889,2012-10-04 08:11:58,377,6515
181,androidannotations,Java,0.24749779411764705,2012-01-06 08:48:03,688,10942
182,angular-seed,JavaScript,0.173021052631579,2010-12-24 06:07:50,749,13372
183,angular.js,JavaScript,0.19694611111111102,2010-01-06 00:34:37,4137,59616
184,anime,JavaScript,0.03739803921568629,2016-03-13 21:37:45,700,33081
185,ansible,Python,0.2046011111111112,2012-03-06 14:58:02,2027,40407
186,antlr4,Java,0.1360637168141593,2010-02-04 01:36:28,333,6722
187,anypixel,C,0.485005,2016-06-02 13:36:47,232,6327
188,applied-fp-course,Haskell,0.0717,2017-10-13 03:38:55,37,447
189,arduino-esp32,C,0.07294460431654677,2016-10-06 06:04:20,397,4050
190,arthas,Java,-0.03770384615384616,2018-08-29 17:15:57,981,17856
191,articles,Haskell,0.5029,2013-02-07 18:52:10,78,991
192,asterius,Haskell,0.30642608695652174,2017-11-20 13:18:05,54,1025
193,atom,JavaScript,-0.013466336633663372,2012-01-20 18:18:21,2463,50432
194,attoparsec,Haskell,0.13544081632653063,2010-10-10 17:30:32,23,402
195,aura,Haskell,0.20781555555555561,2012-05-14 11:56:22,27,769
196,auto,Java,0.2403765306122449,2013-05-22 21:41:56,385,8270
197,autojump,Python,0.10226190476190473,2009-01-14 11:18:07,169,10395
198,ava,JavaScript,0.32872749999999995,2014-11-18 17:20:26,246,17064
199,awesome-algorithm,Python,0.3804,2017-09-29 04:26:40,489,10349
200,awesome-aws,Python,0.11566792452830184,2015-10-12 12:02:47,420,7503
201,awesome-blockchain-cn,JavaScript,0.21633076923076927,2017-03-12 06:02:46,994,14388
202,awesome-java-leetcode,Java,0.0,2017-04-17 15:51:41,346,6780
203,awesome-machine-learning,Python,0.1516,2014-07-15 19:11:19,3296,42558
204,awesome-python,Python,0.16096206896551724,2014-06-27 21:00:06,5050,75578
205,awesome-python-login-model,Python,-0.045169230769230746,2019-01-20 10:43:13,331,10305
206,awesome-scala,Python,0.34125,2014-07-08 08:13:52,674,7203
207,awesome-selfhosted,JavaScript,0.2234032786885246,2015-06-01 02:33:17,1469,38038
208,awesome-vscode,JavaScript,0.37034687499999996,2016-02-07 23:02:45,491,16047
209,aws-cli,Python,0.1968142857142857,2012-11-20 16:07:36,574,8826
210,axios,JavaScript,0.151745,2014-08-18 22:30:27,1153,66658
211,babel,JavaScript,0.28199545454545477,2014-09-28 13:38:23,880,35057
212,backbone,JavaScript,0.15743274336283186,2010-09-30 19:41:28,1446,27566
213,banner,Java,-0.03688974358974358,2016-04-22 05:50:25,211,9093
214,bazel,Java,0.002928571428571423,2014-06-12 16:00:38,569,13582
215,beanstalkd,C,0.14882735849056603,2008-03-31 20:20:41,286,5318
216,beets,Python,0.3391189655172414,2010-08-09 23:17:20,450,8995
217,bench,Haskell,0.1822764705882353,2016-03-20 06:35:02,11,630
218,bert,Python,0.34186904761904763,2018-10-25 22:57:34,873,19657
219,big-list-of-naughty-strings,Python,0.20506956521739134,2015-08-08 20:57:20,790,33535
220,bitcoinbook,Python,0.2164,2013-08-11 23:18:28,984,12752
221,bitwise,C,0.3840769230769231,2018-03-10 04:49:11,427,4484
222,black,Python,0.10719506172839506,2018-03-14 19:54:45,155,13522
223,blessed-contrib,JavaScript,0.2568213483146068,2015-01-14 14:18:07,358,13206
224,bloodhound,Haskell,0.26387378640776704,2014-04-01 14:15:45,16,377
225,bokeh,Python,0.2825009009009009,2012-03-26 15:40:01,458,12166
226,bootstrap,JavaScript,0.2511662921348314,2011-07-29 21:19:00,7216,136912
227,borg,C,0.10088971962616823,2015-05-12 23:10:47,169,5521
228,brick,Haskell,0.4789,2015-05-09 08:23:44,25,828
229,brittany,Haskell,0.23823925925925926,2016-07-24 21:21:20,26,518
230,brotli,C,0.27318687499999983,2014-10-09 14:35:14,340,7959
231,bytecode-viewer,Java,0.23164729729729733,2014-10-14 10:26:46,360,10695
232,c4,C,0.32880000000000004,2014-11-04 17:57:29,294,5469
233,cJSON,C,0.27470595238095213,2016-03-19 18:22:54,238,3620
234,cabal,Haskell,0.037176811594202885,2012-03-15 12:53:38,75,1083
235,caffeine,Java,0.46827564102564107,2014-12-13 08:45:11,356,6820
236,capstone,C,0.20185463917525764,2013-11-27 02:32:11,282,3885
237,carbon,JavaScript,0.2838107142857143,2017-06-16 02:50:28,239,22193
238,cardano-sl,Haskell,0.007194444444444448,2016-10-14 13:44:38,411,3332
239,cas,Java,0.11386666666666667,2011-09-09 01:36:42,597,6862
240,cat,Java,-0.21099555555555555,2012-12-05 02:31:48,1095,12038
241,ccv,C,0.1342723404255319,2010-09-15 15:59:47,370,6571
242,ccxt,JavaScript,0.25119539473684205,2017-05-14 15:41:56,735,12642
243,celery,Python,0.07789482758620689,2009-04-24 11:31:24,494,13839
244,certbot,Python,0.16491777777777772,2014-11-12 02:52:20,860,25904
245,cgrep,Haskell,0.958,2013-05-11 11:18:26,39,678
246,charts,JavaScript,0.1783586206896552,2017-10-26 10:13:21,241,13059
247,cheat.sh,Python,0.3133347826086956,2017-05-07 21:40:56,469,17736
248,chinese-poetry,JavaScript,-0.052221238938053104,2016-09-02 03:32:25,771,20881
249,citus,C,0.13937162162162153,2016-02-01 21:58:39,177,3860
250,clash-compiler,Haskell,0.1325205882352942,2013-07-04 09:29:15,53,762
251,cleave.js,JavaScript,0.2962315789473684,2016-05-18 12:45:03,199,14998
252,clipboard.js,JavaScript,0.12099052631578944,2015-09-18 23:04:55,442,27490
253,cmus,C,0.1320816666666667,2012-12-29 10:05:50,118,3494
254,codeworld,Haskell,0.1615125,2014-06-19 21:56:15,63,1008
255,commander.js,JavaScript,0.25965402843601904,2011-08-14 21:33:58,247,16544
256,compiler,Haskell,0.24412187500000002,2012-04-19 06:24:43,238,5582
257,compleat,Haskell,0.3996111111111111,2009-10-17 04:54:52,9,377
258,compose,Python,0.15531898734177216,2013-12-09 11:40:58,682,17884
259,conduit,Haskell,0.26783000000000007,2011-12-11 04:55:45,30,682
260,cookiecutter,Python,0.26423999999999986,2013-07-14 18:31:22,230,10624
261,corrode,Haskell,-0.0017036363636363718,2016-05-05 21:12:52,70,1986
262,coturn,C,0.1582408602150538,2015-07-17 08:15:16,268,3649
263,coursera-dl,Python,0.06155526315789475,2012-03-21 21:07:15,337,7431
264,cpython,Python,0.3728944954128439,2017-02-10 19:23:51,1109,27834
265,cryptol,Haskell,0.2822102941176471,2014-04-17 22:29:10,74,829
266,cubicaltt,Haskell,0.26565409836065573,2015-02-26 13:27:28,48,398
267,curl,C,0.09613851590106008,2010-03-18 22:32:22,668,15497
268,cypress,JavaScript,0.19002999999999998,2015-03-04 00:46:28,308,15949
269,dagger,Java,0.027027536231884086,2012-08-02 23:25:32,444,7132
270,darknet,C,0.16185681818181819,2014-04-11 07:59:16,853,15401
271,darling,C,0.16371744186046508,2012-12-09 10:31:44,205,3699
272,darwin-xnu,C,0.22825609756097565,2017-06-02 21:33:51,543,7471
273,dash,Python,0.26472500000000004,2015-04-10 01:53:08,373,10316
274,data-science-ipython-notebooks,Python,0.21079411764705883,2015-01-23 19:38:29,1533,17610
275,db_tutorial,C,0.2497857142857143,2017-08-31 17:56:02,186,3939
276,dbeaver,Java,0.06171153846153847,2015-10-21 08:26:28,391,11119
277,deeplearning4j,Java,0.08489736842105262,2013-11-27 02:03:28,841,11315
278,dex-lang,Haskell,0.4813217391304349,2019-10-25 12:33:24,21,425
279,dhall-haskell,Haskell,0.24642903225806465,2016-09-07 16:18:15,30,556
280,disque,C,0.21052767857142857,2015-04-27 16:06:09,448,7482
281,distributed-process,Haskell,0.1397830357142858,2011-11-23 13:59:00,59,622
282,django-cms,Python,0.15751562500000002,2009-03-05 10:14:18,416,7120
283,django-rest-framework,Python,0.30598409090909084,2011-03-02 17:13:56,559,15843
284,dnngraph,Haskell,0.19063571428571427,2015-02-15 03:11:12,37,689
285,docusaurus,JavaScript,0.3644061643835616,2017-06-20 16:13:53,205,14241
286,draggable,JavaScript,0.1457400000000001,2017-09-27 15:31:23,370,13649
287,dragula,JavaScript,0.042794285714285715,2015-04-13 21:35:38,399,19407
288,drawio,JavaScript,0.09536923076923076,2016-09-06 12:59:15,431,13836
289,dropzone,JavaScript,0.20354084507042255,2012-02-12 16:19:18,423,14620
290,druid,Java,-0.008371874999999989,2011-11-03 05:12:51,1761,19340
291,duckling,Haskell,0.6836590909090909,2017-03-02 01:45:50,82,2679
292,dva,JavaScript,-0.078712987012987,2016-06-24 09:06:16,462,14102
293,easyexcel,Java,-0.17097500000000004,2018-02-06 03:14:08,460,11106
294,echidna,Haskell,0.1362943661971831,2017-08-27 23:13:10,38,379
295,eeeeeeeeeeeeeeeeeeeeeeeeeeeeeeeeeeeeeeeeeeeeeeeeeeeeeeeeeeeeeeeeeeeeeeeeeeeeeeeeeeeeeeeeeeeeeeeeeeee,Python,0.2433620689655172,2018-11-08 04:09:47,108,7510
296,egg,JavaScript,-0.14074399999999995,2016-06-18 06:53:23,475,14238
297,egison,Haskell,0.25222727272727274,2013-02-15 04:35:21,42,688
298,elasticsearch,Java,0.058413698630136984,2010-02-08 13:20:56,2791,45471
299,elasticsearch-analysis-ik,Java,-0.13868999999999995,2011-12-16 09:01:45,545,8292
300,electronic-wechat,JavaScript,-0.15688421052631576,2016-02-18 09:09:53,606,13065
301,elm-format,Haskell,0.16268951612903224,2015-09-13 00:09:34,31,1157
302,elm-platform,Haskell,0.3764826086956522,2013-12-20 05:24:43,60,784
303,elm-reactor,Haskell,0.42897766990291225,2014-04-19 00:00:04,32,424
304,erd,Haskell,0.33039904761904765,2013-10-26 17:12:42,37,1079
305,esp-idf,C,0.13867642276422767,2016-08-17 10:40:35,437,4099
306,esp8266_deauther,C,0.1501514084507042,2017-01-07 13:39:23,394,5637
307,eta,Haskell,0.268402479338843,2016-04-07 11:25:02,96,2345
308,etcher,JavaScript,0.07798988095238091,2015-10-27 16:53:23,368,16161
309,eureka,Java,0.27724210526315796,2012-07-26 22:23:07,938,8622
310,examples,Python,0.21886764705882356,2016-08-24 03:12:48,366,10875
311,explainshell,Python,0.24329142857142858,2013-08-30 11:20:11,185,7329
312,express,JavaScript,0.2874671586715865,2009-06-26 18:56:01,1816,46204
313,f8app,JavaScript,0.051809090909090895,2016-03-10 21:45:12,484,13690
314,fabric,Python,0.11335686274509811,2009-05-01 01:14:24,522,11841
315,fabric.js,JavaScript,0.16249230769230757,2010-06-09 22:24:38,464,14289
316,face_recognition,Python,0.15394583333333334,2017-03-03 21:52:39,1420,29832
317,facenet,Python,0.13893999999999998,2016-02-12 22:14:40,571,9529
318,faker.js,JavaScript,0.2519800000000001,2010-05-15 00:53:07,319,21382
319,falcon,Python,0.39669513888888863,2012-12-06 18:17:51,293,7248
320,fanqiang,JavaScript,-0.1039005714285714,2015-01-14 00:34:25,931,13249
321,fashion-mnist,Python,0.18087857142857144,2017-08-25 12:05:15,265,6843
322,fastdfs,C,-0.27749473684210524,2013-07-04 14:01:35,501,5496
323,fastjson,Java,-0.0781076923076923,2011-11-03 06:58:52,1337,19902
324,fastsocket,C,-0.041395,2014-06-24 08:03:52,434,3722
325,fay,Haskell,0.25921702127659574,2012-07-21 15:26:38,76,1206
326,ffmpeg-libav-tutorial,C,0.2757289473684211,2017-11-06 23:40:18,229,4515
327,fishhook,C,0.2581217391304348,2013-07-11 20:12:26,180,3632
328,flair,Python,0.15744533333333335,2018-06-11 11:04:18,198,7628
329,flask,Python,0.2090514084507043,2010-04-06 11:11:59,2264,47565
330,flink,Java,0.5329012820512815,2014-06-07 07:00:10,810,11072
331,flinux,C,0.03322968749999999,2014-07-11 14:39:36,237,3551
332,flv.js,JavaScript,0.033271111111111105,2016-05-12 08:34:31,610,16630
333,forest-compiler,Haskell,0.87202,2017-11-10 22:26:17,36,456
334,foundation,Haskell,0.20737594936708864,2016-05-07 13:48:40,28,385
335,fp-course,Haskell,0.23417647058823532,2013-01-03 00:13:31,140,3086
336,framework7,JavaScript,0.13304268292682925,2014-02-23 12:15:53,726,14927
337,freeCodeCamp,JavaScript,0.21016026490066225,2014-12-24 17:49:19,8337,306285
338,freebsd,C,0.25578682170542644,2011-09-05 12:55:55,485,4599
339,frp-zoo,Haskell,0.18167272727272726,2014-09-29 00:26:18,28,415
340,fullPage.js,JavaScript,0.3007022026431719,2013-09-20 11:58:29,905,28613
341,fused-effects,Haskell,0.19827916666666665,2018-10-02 16:51:27,24,380
342,futhark,Haskell,0.15583645833333332,2013-02-01 15:07:26,53,1036
343,game-programmer,Python,-0.28406,2016-12-06 06:26:17,719,9882
344,gb-studio,C,0.3115823008849558,2019-04-17 13:14:32,90,4548
345,generic-lens,Haskell,0.09095526315789473,2016-09-05 20:22:28,27,359
346,gensim,Python,0.16014555555555557,2011-02-10 07:43:04,460,10106
347,ghc,Haskell,0.21884848484848482,2011-04-02 19:39:34,150,2248
348,ghc-mod,Haskell,0.10293253012048187,2010-03-10 03:02:30,38,691
349,ghcid,Haskell,0.13417473684210532,2014-09-26 22:01:52,17,749
350,ghcjs,Haskell,0.0803825396825397,2010-08-19 16:32:40,92,2223
351,ghidra,Java,0.2619115384615384,2019-03-01 03:27:48,748,18237
352,gifcurry,Haskell,0.28101600000000004,2016-01-13 05:37:43,19,507
353,git,C,0.29371208053691245,2008-07-23 14:21:26,2164,30273
354,gitit,Haskell,0.19097164179104473,2008-11-07 07:38:49,85,1714
355,gitsome,Python,0.31107758620689635,2016-04-23 03:08:21,130,6671
356,glance,Haskell,0.3725,2016-01-05 01:04:01,29,502
357,glances,Python,0.10083551401869155,2011-12-04 08:49:15,503,14467
358,glfw,C,0.25303695652173913,2013-04-18 15:24:53,368,5640
359,glide,Java,0.14959078947368432,2013-07-08 22:52:33,1064,27689
360,glide-transformations,Java,0.05698780487804879,2015-01-09 10:33:29,196,8292
361,go-sqlite3,C,0.1864744680851064,2011-11-11 12:36:50,128,3613
362,goaccess,C,0.17113018867924523,2013-07-14 03:42:08,271,10184
363,gpdb,C,0.17265538461538465,2015-10-23 00:25:17,426,3626
364,gpt-2,Python,0.20435099999999998,2019-02-11 04:21:59,462,9823
365,graal,Java,0.2550666666666667,2016-01-14 17:11:35,413,10955
366,graphql-api,Haskell,0.37841509433962284,2016-10-12 09:06:17,17,377
367,greenclip,Haskell,0.3572066666666667,2017-01-03 22:43:14,10,362
368,grenade,Haskell,0.3036368421052632,2016-06-23 12:04:52,60,1252
369,grin,Haskell,0.24418035714285716,2017-06-23 20:18:06,34,539
370,grpc-java,Java,0.18640357142857142,2014-12-08 19:00:00,540,6843
371,gson,Java,0.29986250000000003,2015-03-19 18:21:20,734,16844
372,guice,Java,0.21201948051948058,2014-05-28 23:18:53,570,8732
373,gulp,JavaScript,0.13995661375661378,2013-07-04 05:26:06,1161,31542
374,gym,Python,0.14482873563218393,2016-04-27 14:59:16,961,18843
375,h2o,C,0.22576052631578944,2014-08-16 23:59:03,427,8760
376,hackathon-starter,JavaScript,0.3335679999999999,2013-11-13 17:24:12,837,28990
377,hacker-scripts,JavaScript,0.15169324324324326,2015-11-21 19:05:09,2188,36504
378,hadolint,Haskell,0.20411192052980126,2015-11-15 20:20:58,41,2780
379,hadoop,Java,-0.4748220338983052,2014-08-28 07:00:08,1039,9835
380,hakyll,Haskell,0.19960104166666662,2009-12-02 12:45:28,56,2070
381,halo,Java,-0.1406448051948052,2018-03-21 12:56:52,268,9695
382,handlebars.js,JavaScript,0.29272911392405054,2010-07-31 18:54:46,462,14913
383,hashcat,C,0.20778351063829786,2015-12-04 14:46:51,364,6872
384,haskell,Haskell,0.2540054794520547,2016-10-16 03:40:47,77,1254
385,haskell-code-explorer,Haskell,0.2596530303030303,2018-10-02 09:46:36,16,408
386,haskell-do,Haskell,0.2595938775510204,2017-02-01 18:25:24,40,348
387,haskell-hedgehog,Haskell,0.21711582278481012,2017-03-15 21:57:18,22,484
388,haskell-ide-engine,Haskell,0.09442978723404259,2015-10-22 06:59:33,104,2023
389,haskell-opaleye,Haskell,0.3300647058823529,2014-11-03 22:57:53,22,453
390,haskell-trainings,Haskell,0.07958333333333334,2019-01-23 10:10:14,67,1072
391,haskoin-core,Haskell,0.22035,2013-03-14 13:40:12,42,489
392,hasktorch,Haskell,0.17703902439024394,2017-09-09 21:50:59,29,409
393,hasql,Haskell,0.2774920454545455,2014-10-27 13:13:02,14,346
394,haste-compiler,Haskell,0.05671,2012-01-26 10:23:30,57,1374
395,hellocharts-android,Java,0.11055217391304349,2014-10-12 09:12:37,279,6778
396,helm,Haskell,0.3239753086419752,2013-07-07 09:38:09,35,597
397,hexo,JavaScript,0.11029172413793102,2012-09-23 15:17:08,850,28691
398,hindent,Haskell,0.08858918918918918,2014-08-24 15:16:00,15,440
399,hiredis,C,0.079471875,2010-05-18 15:10:01,306,4091
400,hledger,Haskell,0.3395927272727273,2013-04-08 16:41:47,47,1257
401,hlint,Haskell,0.18308972602739715,2013-07-23 08:43:40,26,883
402,home-assistant,Python,0.2746621951219513,2013-09-17 07:29:48,1108,28531
403,hoogle,Haskell,0.16900000000000004,2012-04-19 13:23:16,22,436
404,hosts,Python,0.25877448275862075,2012-04-12 20:22:50,547,13992
405,how2heap,C,0.27597999999999995,2016-01-20 01:24:33,236,3408
406,howdoi,Python,0.29655454545454546,2012-11-22 08:49:24,240,7589
407,hpack,Haskell,0.22483173076923074,2014-11-19 14:51:34,12,387
408,hs-tls,Haskell,0.20746769230769233,2010-09-09 21:41:49,24,348
409,hspec,Haskell,0.2717684931506849,2011-02-09 22:00:08,11,534
410,hsweb-framework,Java,-0.10187241379310343,2016-01-18 03:51:39,748,6857
411,html5-boilerplate,JavaScript,0.2444166666666667,2010-01-24 18:03:24,2624,43644
412,htop,C,0.22155777777777783,2014-01-13 22:58:20,136,4533
413,http-parser,C,0.22172843137254905,2009-04-27 15:09:51,348,5053
414,http-prompt,Python,0.2764971428571429,2016-04-06 07:24:35,179,7564
415,httpie,Python,0.1850277777777778,2012-02-25 12:39:13,1078,43781
416,hugo,Java,0.09261171171171173,2013-11-25 09:16:40,256,7106
417,husky,JavaScript,0.2170505747126437,2014-06-23 12:14:21,124,16583
418,hutool,Java,0.0,2014-04-13 07:23:51,395,8475
419,hylogen,Haskell,0.34174375,2016-03-29 06:01:11,24,415
420,hyper,JavaScript,-0.06576739130434782,2016-07-01 06:01:21,495,31861
421,hyperapp,JavaScript,0.18000451977401136,2017-01-20 05:20:21,377,17030
422,i3,C,0.2631573863636361,2015-02-04 09:23:51,170,4926
423,ijkplayer,C,-0.044392982456140345,2013-06-03 04:12:04,1206,25105
424,imgaug,Python,0.18084014084507036,2015-07-10 20:31:33,197,7480
425,immer,JavaScript,0.33283749999999995,2017-12-29 12:25:47,156,13952
426,immutable-js,JavaScript,0.3283384615384614,2014-07-02 06:02:29,586,28727
427,impress.js,JavaScript,0.43711485148514856,2011-12-28 22:23:19,1327,35338
428,incubator-druid,Java,0.033427450980392154,2012-10-23 19:08:07,624,8860
429,incubator-echarts,JavaScript,0.3719892857142855,2013-04-03 03:18:59,1967,37857
430,incubator-mxnet,Python,0.09750476190476193,2015-04-30 16:21:15,1178,18041
431,incubator-shardingsphere,Java,0.06606808510638297,2016-01-18 12:49:26,922,9291
432,incubator-superset,JavaScript,0.3655060869565214,2015-07-21 18:55:34,1231,26863
433,inferno,JavaScript,0.22088320610687026,2015-02-01 22:07:38,319,14058
434,inter,Python,0.3421460317460316,2017-08-22 07:14:17,165,9850
435,interactive-coding-challenges,Python,0.41406818181818195,2015-04-28 21:36:39,870,18560
436,interview_internal_reference,Python,-0.12953636363636362,2019-06-10 06:54:19,1097,22520
437,interviews,Java,0.09817500000000003,2017-02-14 18:19:25,2272,40303
438,intro_to_parsing,Haskell,0.33366666666666667,2013-12-31 12:18:05,13,459
439,ios-webkit-debug-proxy,C,0.06476857142857144,2013-02-12 19:08:19,186,4609
440,ip2region,Java,-0.08362424242424242,2015-11-02 00:43:13,372,7149
441,ipython,Python,0.10488369565217391,2010-05-10 04:46:06,826,13887
442,ish,C,0.032325396825396834,2017-05-05 00:10:35,120,4629
443,jadx,Java,0.06621279069767438,2013-03-18 17:08:21,685,20494
444,japronto,C,0.13215694444444445,2016-10-26 19:51:32,388,7692
445,jasmine,JavaScript,0.33533194444444425,2008-12-02 23:46:37,494,14607
446,java-design-patterns,Java,0.2534622549019606,2014-08-09 16:45:18,3900,52844
447,java8-tutorial,Java,0.0,2014-03-16 17:25:43,915,12390
448,javascript-algorithms,JavaScript,0.2375439024390244,2018-03-24 07:47:04,2253,56311
449,jedis,Java,0.22746704545454544,2010-06-11 13:04:43,731,8674
450,jemalloc,C,0.27546890756302517,2013-10-03 21:37:32,304,4404
451,jenkins,Java,0.07151115702479337,2010-11-22 21:21:23,908,14343
452,jerryscript,C,0.21237252747252744,2015-04-03 01:10:31,169,3789
453,jest,JavaScript,0.2323008130081301,2013-12-10 00:18:04,506,28375
454,jieba,Python,0.001137209302325582,2012-09-29 07:52:01,1282,20843
455,jinja,Python,0.15093043478260873,2010-10-17 13:41:17,256,6632
456,joi,JavaScript,-0.14220000000000002,2012-09-16 16:38:06,200,13661
457,jq,C,0.22385408163265305,2012-07-18 19:57:25,300,15689
458,jquery-pjax,JavaScript,0.09265365853658539,2011-02-26 02:44:18,595,16542
459,js-stack-from-scratch,JavaScript,0.25095630252100837,2016-10-02 13:31:23,601,18160
460,jsPDF,JavaScript,0.1633404761904762,2009-12-06 14:56:32,495,17979
461,jsdom,JavaScript,0.19546124999999998,2010-01-19 06:55:19,260,13166
462,json-server,JavaScript,0.20699545454545454,2013-11-27 13:21:13,971,43883
463,juno,Haskell,0.5264888888888889,2016-02-26 23:46:40,59,443
464,jupyter,Python,0.29153918918918925,2015-06-04 21:05:00,584,8913
465,kafka,Java,0.2037264367816092,2011-08-15 18:06:16,1045,14183
466,kaleidoscope,Haskell,-0.030442857142857136,2013-12-28 05:12:52,37,761
467,kbengine,C,-0.1461181818181818,2014-02-17 09:12:15,546,3705
468,kcp,C,-0.10303355704697986,2014-12-26 16:46:34,554,7202
469,keras,Python,0.11446206896551724,2015-03-28 00:35:42,2076,45448
470,kilo,C,0.1417978260869565,2016-07-10 10:50:21,152,4301
471,kit,Haskell,0.20972500000000002,2018-08-03 22:22:58,41,897
472,kitten,Haskell,0.3762590551181102,2011-12-20 04:17:17,63,751
473,kitty,Python,0.2100865942028984,2016-10-16 14:48:28,145,7876
474,kivy,Python,0.2685744680851063,2010-11-03 20:27:32,576,10313
475,koa,JavaScript,0.17733607142857144,2013-07-20 18:53:45,873,27820
476,koka,Haskell,0.4498578947368422,2016-12-08 23:00:37,24,709
477,komposition,Haskell,0.22310204081632654,2018-09-28 09:22:39,9,352
478,kphp-kdb,C,-0.024223943661971826,2014-02-18 17:19:33,4706,6461
479,lab,C,0.07389489051094886,2016-11-30 13:41:26,510,5997
480,labelImg,Python,0.22149999999999997,2015-09-17 01:33:59,330,8952
481,lamdu,Haskell,0.22973999999999997,2011-10-20 21:13:43,70,1605
482,layui,JavaScript,0.046788235294117644,2015-09-22 08:12:03,992,20249
483,learnGitBranching,JavaScript,0.3640123711340203,2012-08-13 22:36:09,445,13993
484,lede,C,-0.2164069230769231,2017-09-06 07:39:03,337,5169
485,leetcode,JavaScript,-0.03950506329113923,2018-03-30 09:13:51,867,22626
486,leksah,Haskell,-0.005629545454545445,2011-02-14 22:17:54,51,892
487,lens,Haskell,0.08440666666666667,2012-07-25 22:00:42,75,1560
488,lerna,JavaScript,0.07604468085106383,2015-12-04 09:36:55,213,19951
489,less.js,JavaScript,0.1277266272189349,2010-02-20 17:25:38,714,16202
490,libevent,C,0.13943254716981132,2011-06-06 21:42:50,470,5522
491,libgdx,Java,0.1485636963696369,2012-08-10 19:34:38,1293,16148
492,libgit2,C,0.23070633802816906,2010-09-10 16:17:48,415,7214
493,librdkafka,C,0.1182421568627451,2012-09-19 10:14:00,282,3703
494,libsodium,C,0.35810000000000003,2013-01-20 00:03:40,385,7770
495,libui,C,0.0972595238095238,2015-04-17 00:35:54,336,9054
496,libuv,C,0.14310494505494498,2013-11-30 00:29:56,717,13879
497,libvips,C,0.2571223255813954,2011-01-25 13:15:00,111,3625
498,linux,C,0.2519122448979589,2011-09-04 22:48:12,6849,82884
499,linux-insides,Python,0.14971956521739135,2015-01-03 18:44:57,1332,20415
500,liquidhaskell,Haskell,-0.002722674418604646,2012-09-22 15:06:55,22,723
501,litemall,Java,-0.09569400000000002,2018-03-22 16:42:30,575,10083
502,litho,Java,0.22882201257861634,2017-01-27 03:59:11,183,6401
503,localForage,JavaScript,0.17847950819672137,2013-10-31 00:10:06,319,16164
504,localstack,Python,-0.0005642857142857292,2016-10-25 23:48:03,470,21258
505,lodash,JavaScript,0.2395358695652174,2012-04-07 04:11:46,857,42378
506,lombok,Java,0.18605512820512826,2009-06-08 19:46:41,415,8560
507,lottie-android,Java,0.028862857142857152,2016-10-06 22:42:42,840,27430
508,lua-nginx-module,C,0.19964428571428572,2010-04-16 15:59:01,608,7888
509,luigi,Python,0.21507638888888891,2012-09-20 15:06:38,510,12492
510,luna,Haskell,0.2129577464788733,2016-12-16 17:23:37,108,3394
511,luna-studio,Haskell,0.23509375000000005,2017-01-13 13:51:54,27,598
512,lwan,C,0.28414609929078016,2012-01-28 00:48:12,307,5076
513,lz4,C,0.23822352941176475,2014-03-25 15:52:21,216,4504
514,macOS-Security-and-Privacy-Guide,Python,0.22464000000000003,2015-08-31 03:36:35,719,15315
515,mackup,Python,0.0807875,2013-04-06 19:22:54,158,9275
516,macvim,C,0.2930527777777777,2010-05-29 16:38:11,106,5236
517,magenta,Python,0.2668173333333334,2016-05-05 20:10:40,814,14254
518,magic-wormhole,Python,0.34618764044943817,2015-02-10 08:38:44,202,9611
519,mall,Java,0.01585,2018-04-04 01:11:44,1332,25054
520,manim,Python,0.13763424657534246,2015-03-22 18:50:58,482,14877
521,marked,JavaScript,0.24242983193277304,2011-07-24 13:15:51,397,20863
522,maskrcnn-benchmark,Python,0.3280288461538462,2018-10-24 17:34:50,187,6889
523,masscan,C,0.11389523809523809,2013-07-28 05:35:33,600,11163
524,material,JavaScript,0.3184199999999999,2014-07-01 19:20:06,812,16525
525,material-components-android,Java,0.3399482758620688,2016-12-05 16:11:29,370,8576
526,material-components-web,JavaScript,0.2455711111111112,2016-12-05 16:04:09,433,13479
527,materialize,JavaScript,0.28539423076923065,2014-09-12 19:35:38,1122,36759
528,matplotlib,Python,0.23500606060606063,2011-02-19 03:17:12,533,10386
529,matrix,C,-0.040635353535353545,2018-12-11 07:08:02,186,6388
530,matterhorn,Haskell,0.3210388888888888,2016-08-19 16:25:54,15,589
531,mdp,C,0.1608107142857143,2014-09-14 13:18:50,71,3583
532,medium-editor,JavaScript,0.2969530612244898,2013-05-29 17:40:11,380,14035
533,megaparsec,Haskell,0.30318888888888895,2015-07-26 19:33:53,14,538
534,meltdown,C,0.45316999999999996,2018-01-03 09:42:18,158,3729
535,memcached,C,0.31315471698113206,2009-04-24 23:34:25,737,9500
536,meteor,JavaScript,0.22506582278481013,2012-01-19 01:58:17,1795,41425
537,metrics,Java,0.2926068965517242,2010-02-26 19:44:42,417,6783
538,miaosha,Java,-0.08510000000000001,2018-09-14 04:36:24,545,11454
539,micropython,C,0.37379417475728144,2013-12-20 11:47:07,748,9511
540,mimalloc,C,0.34063071428571423,2019-06-19 21:14:44,95,3523
541,mimikatz,C,0.23747068965517246,2014-04-06 18:30:02,810,8629
542,miso,Haskell,0.3193136363636364,2016-06-26 04:28:54,44,1456
543,mitmproxy,Python,0.14759354838709676,2010-02-16 04:10:13,552,16821
544,mjolnir,C,0.09295238095238098,2014-06-19 12:10:55,88,5054
545,ml-agents,Python,0.2258756302521008,2017-09-08 21:09:04,488,7214
546,mmdetection,Python,0.13863378378378383,2018-08-22 07:06:06,259,7276
547,mobx,JavaScript,0.31808860294117647,2015-03-14 14:31:38,394,20859
548,models,Python,0.36257671232876726,2016-02-05 01:15:20,2967,59451
549,moment,JavaScript,0.19475537190082648,2011-03-01 02:46:06,956,42792
550,monaco-editor,JavaScript,0.20497837837837835,2016-06-07 16:56:31,486,17857
551,mongoose,C,0.1367322580645161,2010-04-06 21:39:05,551,19770
552,mongoose,JavaScript,0.23183592233009703,2010-04-06 21:39:05,551,19770
553,mozjpeg,C,0.1989005494505494,2014-01-12 06:25:02,176,3824
554,mpv,C,0.1459544262295082,2012-10-13 08:08:44,446,10838
555,mruby,C,0.1702293103448275,2012-04-19 09:11:15,276,4491
556,musicbox,Python,-0.0970415730337079,2014-08-05 03:28:24,287,7942
557,mybatis-3,Java,0.2861181818181818,2013-02-14 19:03:32,1175,12241
558,mybatis-plus,Java,-0.03818999999999999,2016-08-18 10:06:53,398,7076
559,mysql,JavaScript,0.20263357664233575,2010-07-29 14:58:13,502,14751
560,nacos,Java,-0.053027058823529434,2018-06-15 06:49:27,664,9271
561,nanomsg,C,0.20334210526315794,2012-10-10 08:32:14,462,4790
562,nativefier,JavaScript,0.10915238095238095,2015-07-05 05:56:42,414,21257
563,neo4j,Java,0.06634276729559749,2012-11-12 08:46:15,471,7099
564,netdata,C,0.1878924731182796,2013-06-17 18:39:10,1357,42497
565,neural-doodle,Python,0.07724499999999998,2016-03-05 23:35:18,326,9260
566,neural-enhance,Python,0.07692325581395344,2016-10-01 13:01:50,365,9684
567,neural-networks-and-deep-learning,Python,0.33525,2012-11-13 13:38:24,1002,10346
568,newspaper,Python,0.07664545454545453,2013-11-25 09:50:50,349,8824
569,next.js,JavaScript,0.35127724137931027,2016-10-05 23:32:51,809,42505
570,nginx-proxy,Python,0.2472844155844155,2014-05-05 17:01:40,289,11948
571,nginx-rtmp-module,C,-0.057760493827160496,2012-03-14 05:37:38,658,8614
572,nmap,C,0.10591739130434784,2012-03-09 14:47:43,303,3515
573,nnn,C,0.42060000000000003,2016-08-20 14:10:14,94,6576
574,no-more-secrets,C,0.15710000000000002,2016-04-04 20:41:05,123,4523
575,node,JavaScript,0.14017207207207208,2014-11-26 19:57:11,2925,65784
576,nodebestpractices,JavaScript,0.4851245901639345,2017-09-15 08:33:19,1141,36079
577,nodemcu-firmware,C,0.1543896860986547,2014-11-20 15:06:45,564,5717
578,nodemon,JavaScript,0.06683783783783785,2010-10-03 12:50:52,259,19364
579,normalizr,JavaScript,0.17453000000000002,2014-08-20 08:41:38,212,17969
580,nprogress,JavaScript,0.27306315789473684,2013-08-20 13:58:02,441,19921
581,nuklear,C,0.28528761061946906,2015-03-25 13:32:06,582,13163
582,numpy,C,0.1661042372881356,2010-09-13 23:02:39,474,12286
583,nuxt.js,JavaScript,0.1872908045977012,2016-10-26 11:18:47,598,23579
584,obs-studio,C,0.25275391705069117,2013-10-01 02:40:31,1186,15301
585,odoo,Python,0.14746857142857142,2014-05-13 15:38:58,1538,15775
586,okhttputils,Java,0.0,2015-08-17 14:53:29,420,6759
587,openpilot,C,0.2283202952029521,2016-11-24 01:33:30,868,12761
588,openresty,C,0.2108739130434783,2010-01-20 03:57:59,559,7720
589,openssl,C,0.18714890109890103,2013-01-15 22:34:48,866,11732
590,openvpn,C,0.352988990825688,2012-04-26 20:42:48,364,4262
591,openwrt,C,0.20183507462686562,2015-11-09 07:13:55,423,4846
592,optparse-applicative,Haskell,0.3094307692307693,2012-05-11 17:09:52,13,586
593,ormolu,Haskell,0.10024135338345871,2018-11-25 12:16:23,29,354
594,os-tutorial,C,0.09726043956043953,2014-09-29 08:39:34,801,16626
595,oss-fuzz,C,0.18522909090909093,2016-07-20 19:39:50,221,4735
596,paascloud-master,Java,-0.11016438356164383,2018-03-17 05:40:43,442,6591
597,pandas,Python,0.185878,2010-08-24 01:37:33,1041,22364
598,pandoc,Haskell,0.26844688995215293,2010-03-20 20:34:23,497,17274
599,pandoc-crossref,Haskell,0.24324672131147537,2015-03-19 20:51:47,14,356
600,parcel,JavaScript,0.09830989010989008,2017-08-07 16:36:47,475,33786
601,parse-server,JavaScript,0.24492871972318325,2016-01-28 18:29:14,655,16911
602,parsec,Haskell,0.26295483870967734,2014-03-23 20:46:26,10,506
603,particles.js,JavaScript,0.20880967741935488,2014-09-06 14:29:47,550,20410
604,patat,Haskell,0.3313090909090909,2016-09-23 09:37:28,24,1236
605,pattern,Python,0.0014840579710144982,2011-05-03 15:29:01,567,7213
606,pboy,Haskell,0.1835933333333333,2018-05-07 13:41:54,11,568
607,pdf.js,JavaScript,0.10673167701863352,2011-04-26 06:32:03,1032,28660
608,pelican,Python,0.24313903508771914,2010-10-16 18:57:40,363,9214
609,penrose,Haskell,0.36103281249999997,2016-09-22 04:47:19,53,1698
610,php-src,C,0.14004418604651162,2011-06-16 01:52:25,1527,25565
611,phpredis,C,0.12587524752475254,2011-03-15 14:40:14,507,7894
612,picasso,Java,0.11957676767676768,2013-05-14 15:07:47,931,17146
613,pifs,C,0.2240093220338983,2012-04-01 02:56:52,181,4722
614,pipenv,Python,0.17184421052631577,2017-01-20 00:44:02,376,18875
615,pixi.js,JavaScript,0.2701906077348065,2013-01-21 22:40:50,1056,27768
616,pkg,JavaScript,0.13817966101694912,2016-08-08 19:41:59,251,14784
617,plyr,JavaScript,0.10147647058823528,2015-02-14 11:33:07,394,15595
618,pm2,JavaScript,0.049051020408163254,2013-05-21 03:25:25,705,30957
619,poco,C,0.15543571428571426,2012-10-24 19:39:16,401,3915
620,poetry,Python,0.10531785714285717,2018-02-28 15:23:47,100,6967
621,polysemy,Haskell,0.17093558558558558,2019-02-13 20:53:25,32,563
622,popper.js,JavaScript,0.28262275449101787,2016-03-29 17:00:47,239,13143
623,portia,Python,0.04965370370370371,2014-03-21 14:24:31,489,7374
624,postcss,JavaScript,0.26424240000000004,2013-09-24 23:06:48,552,21801
625,postgrest,Haskell,0.2934567010309277,2014-06-13 00:23:00,348,13514
626,prepack,JavaScript,0.12954901960784312,2015-10-28 23:25:08,287,13891
627,presto,Java,0.2544833333333333,2012-08-09 01:03:37,879,9874
628,progress,C,0.25088723404255314,2013-11-22 15:25:33,126,4777
629,project-guidelines,JavaScript,0.39479999999999993,2017-06-30 10:17:55,533,20088
630,project-m36,Haskell,0.34503865030674863,2014-10-27 00:17:22,45,574
631,prophet,Python,0.3136278409090908,2016-11-16 01:50:08,382,9661
632,proxychains-ng,C,0.1149034749034749,2011-09-03 22:54:51,204,5554
633,pthreads,C,0.07201517241379306,2012-08-28 17:57:40,224,3331
634,public-apis,Python,0.1730857142857143,2016-03-20 23:49:42,1843,65122
635,puppeteer,JavaScript,0.2675527272727272,2017-05-09 22:16:13,1207,55963
636,purescript,Haskell,0.2063535911602209,2013-09-30 05:29:23,194,6107
637,purescript-native,Haskell,0.36798749999999997,2014-12-06 06:16:39,24,426
638,py12306,Python,-0.1517238095238095,2019-01-07 18:04:11,225,7538
639,pyecharts,Python,-0.10384956521739129,2017-06-22 02:50:25,298,7365
640,pyspider,Python,-0.027499999999999993,2014-02-21 19:18:47,895,13828
641,python-cheatsheet,Python,0.45256250000000003,2018-01-25 04:16:53,401,9861
642,python-fire,Python,0.22581314285714268,2017-02-21 21:35:07,372,15691
643,python-patterns,Python,0.33739827586206905,2012-06-06 21:02:35,1574,22767
644,pytorch-CycleGAN-and-pix2pix,Python,0.11624146341463415,2017-04-18 10:33:05,292,10210
645,pytorch-tutorial,Python,0.1698897959183673,2017-03-10 07:41:47,529,14125
646,q,JavaScript,0.24595346534653462,2012-01-30 21:12:09,175,7189
647,q,Python,0.24789724137931032,2012-01-30 21:12:09,175,7189
648,qmk_firmware,C,0.28917011494252876,2014-12-08 22:02:05,192,5416
649,qrcode,Python,0.04717222222222225,2016-08-25 12:51:42,260,6610
650,quasar,JavaScript,0.2021172413793103,2015-10-05 15:45:36,453,12710
651,queryparser,Haskell,0.42730967741935477,2017-04-13 04:51:29,52,751
652,quickcheck,Haskell,0.22631460674157292,2012-07-28 22:50:15,32,504
653,radare2,C,0.1275820754716982,2012-07-03 07:42:26,455,11422
654,radicle,Haskell,0.4216692307692307,2018-05-17 08:50:33,27,864
655,raft,Haskell,0.2522,2018-09-25 10:09:31,23,367
656,ramda,JavaScript,0.42665178571428586,2013-06-21 20:32:35,297,17536
657,rasa,Haskell,0.5361098039215687,2016-10-14 12:27:49,295,7055
658,rasa,Python,0.22321897810218977,2016-10-14 12:27:49,295,7055
659,raspberry-pi-os,C,0.4780046153846153,2017-06-22 16:09:36,387,6894
660,ray,Python,-0.06867861635220125,2016-10-25 19:38:30,334,9346
661,react-beautiful-dnd,JavaScript,0.14535164835164838,2017-08-09 03:37:15,231,17042
662,react-developer-roadmap,JavaScript,0.3528666666666666,2018-06-16 13:40:50,513,13383
663,react-motion,JavaScript,0.14312555555555548,2015-06-11 07:38:23,289,17528
664,react-native-elements,JavaScript,0.19351319444444448,2016-09-08 14:21:41,390,17526
665,react-spring,JavaScript,0.19308381502890165,2018-03-07 15:39:32,180,15046
666,react-starter-kit,JavaScript,0.12165862068965522,2014-04-16 13:08:18,589,19656
667,react-virtualized,JavaScript,0.11694249999999999,2015-11-03 00:48:07,246,17380
668,reactive-banana,Haskell,0.1735484304932734,2011-01-15 20:19:26,35,431
669,reactos,C,0.08520363636363636,2017-10-03 08:04:52,314,7016
670,real-world-haskell-cn,Haskell,0.21872083333333336,2012-10-19 16:07:47,114,1249
671,recompose,JavaScript,0.2644757575757574,2015-10-07 05:54:51,203,14265
672,redash,JavaScript,0.05163134328358208,2013-10-28 13:19:39,548,14298
673,redcarpet,C,0.06763970588235292,2011-03-24 22:05:14,107,4483
674,redis,C,0.2795615384615385,2009-03-21 22:32:25,2755,39734
675,redis-3.0-annotated,C,-0.23026666666666665,2014-06-28 02:40:10,534,5618
676,redisson,Java,-0.027481355932203397,2014-01-11 14:06:25,812,11234
677,redshift,C,0.06215312500000003,2012-12-20 13:42:26,109,4309
678,redux-saga,JavaScript,0.23721633986928117,2015-11-29 16:58:12,306,19333
679,redux-thunk,JavaScript,0.3128636363636364,2015-07-13 13:33:08,178,13542
680,reflex,Haskell,0.2819868421052632,2014-11-09 20:27:01,65,801
681,relay,JavaScript,0.21593435114503817,2015-08-10 22:09:16,404,13803
682,reptyr,C,0.0985457142857143,2011-01-14 00:33:50,93,3412
683,request,JavaScript,-0.00031250000000000375,2011-01-23 01:25:14,451,23677
684,requests-html,Python,0.10322058823529415,2018-02-24 20:11:02,286,10430
685,rest,Haskell,0.283674251497006,2014-04-04 14:22:27,25,384
686,resume.github.com,JavaScript,0.22879821428571429,2011-02-06 13:39:55,334,42640
687,rio,Haskell,0.2527770270270271,2017-12-30 16:36:57,38,511
688,riot,JavaScript,0.055128571428571416,2013-09-27 05:21:01,438,13963
689,robotgo,C,0.14801973684210526,2016-09-26 16:26:56,197,4678
690,robotjs,C,0.021673267326732686,2014-08-31 14:13:47,220,8369
691,rocketmq,Java,0.1950358208955224,2016-11-30 08:00:08,783,9462
692,rofi,C,0.12798344827586214,2013-01-20 11:54:45,87,5014
693,rollup,JavaScript,0.1659078571428571,2015-05-14 22:26:28,273,16995
694,routersploit,Python,0.0003236363636363724,2016-03-30 11:43:12,501,7447
695,rt-thread,C,-0.11377961165048545,2013-01-02 14:49:21,486,3611
696,rufus,C,0.43332203389830515,2011-11-19 19:12:05,400,9267
697,s2n,C,0.04523023255813952,2014-06-27 19:37:59,178,3543
698,sails,JavaScript,0.5733765060240972,2012-03-18 19:46:15,738,20998
699,salt,Python,0.2640130434782609,2011-02-20 20:16:56,597,10418
700,sanic,Python,0.20230528455284544,2016-05-26 04:38:22,469,13087
701,schedule,Python,0.15646666666666667,2013-05-19 12:51:20,202,6744
702,scheme,Haskell,-0.0386,2016-03-21 22:22:25,27,349
703,scotty,Haskell,0.11557676767676768,2011-12-30 22:43:27,40,1370
704,scrapy,Python,0.06676936936936939,2010-02-22 02:01:14,1843,35117
705,scrcpy,C,0.11942921348314607,2017-11-21 18:00:27,538,21429
706,seaborn,Python,0.07059871794871798,2012-06-18 18:41:19,240,6585
707,seafile,C,0.046471794871794904,2012-07-12 06:47:55,469,7251
708,seata,Java,-0.037209375,2018-12-28 08:37:22,771,12611
709,selda,Haskell,0.29784400000000005,2017-04-08 21:15:10,15,386
710,selenium,Java,0.1602060606060606,2013-01-14 21:40:56,1306,16142
711,semantic,Haskell,0.368873,2019-03-15 14:54:00,153,6696
712,sequelize,JavaScript,0.37047307692307696,2010-07-22 07:11:11,447,20382
713,servant,Haskell,0.31619189189189184,2014-12-02 15:58:17,65,1280
714,serverless,JavaScript,0.17163896103896104,2015-04-21 03:48:40,1003,32839
715,shadowsocks,Python,0.018322222222222222,2012-04-20 13:10:49,2074,31877
716,shake,Haskell,0.11328015873015874,2013-02-25 20:10:28,25,578
717,shellcheck,Haskell,0.0005088235294117576,2012-11-17 03:15:11,390,17134
718,sherlock,Python,0.24807023809523804,2018-12-24 14:30:48,170,7742
719,siege,C,-0.00018375000000000753,2014-09-26 16:33:59,103,3622
720,sixten,Haskell,0.4273833333333333,2017-10-19 18:44:48,34,550
721,skynet,C,-0.12055543478260865,2012-08-01 03:30:42,1280,8447
722,skywalking,Java,0.2734404958677685,2015-11-07 03:30:36,726,11226
723,slate,JavaScript,0.3145177419354839,2013-09-13 22:15:24,509,28397
724,snap,Haskell,0.3632718750000001,2010-07-03 18:14:08,21,419
725,socket.io,JavaScript,0.14034848484848486,2010-03-11 18:24:48,1669,48052
726,solo,Java,-0.27808400000000005,2012-04-10 02:08:05,566,13135
727,sovereign,Python,0.20083759999999998,2013-08-19 22:09:16,242,7555
728,spaCy,Python,0.27764224137931026,2014-07-03 15:15:40,556,15092
729,spark,Java,0.3852476923076922,2011-05-05 11:52:05,439,8547
730,sparkle,Haskell,0.17864333333333332,2015-11-09 15:49:47,51,385
731,speedtest-cli,Python,0.08178245614035089,2012-09-10 19:17:53,302,8864
732,spinnaker,Python,0.21103835616438352,2014-07-02 19:02:36,374,6673
733,spleeter,Python,0.2371736842105263,2019-09-26 15:40:46,175,7835
734,spring-boot,Java,0.14703582089552242,2012-10-19 15:02:57,3326,43445
735,spring-boot-examples,Java,0.14104705882352941,2016-11-05 05:32:33,1159,19558
736,spring-cloud-alibaba,Java,0.06315975609756097,2017-12-01 20:49:15,708,10316
737,sqlcipher,C,0.3728102040816327,2008-07-30 17:20:41,240,3815
738,sqlmap,Python,0.1272734265734266,2012-06-26 09:52:15,905,15627
739,sshuttle,Python,0.16629333333333335,2010-05-02 06:50:16,354,8997
740,stack,Haskell,-0.0324857142857143,2015-04-29 20:56:42,106,3223
741,stanford-tensorflow-tutorials,Python,-0.0700271186440678,2016-11-05 18:21:51,636,9145
742,statsd,JavaScript,0.33770322580645157,2010-12-30 00:09:50,475,14536
743,stb,C,0.18834666666666663,2014-05-25 16:51:23,574,11158
744,stgi,Haskell,0.4022142857142857,2016-03-31 17:57:55,20,351
745,store.js,JavaScript,0.10947105263157893,2010-06-27 20:29:33,373,12708
746,storm,Java,0.32431818181818156,2011-09-17 07:55:13,1076,9036
747,stream-handbook,JavaScript,0.16584791666666668,2012-08-26 07:24:04,436,12741
748,streamly,Haskell,0.25974117647058825,2017-07-13 13:31:39,22,424
749,streem,C,0.25010050505050513,2014-12-11 08:07:50,401,4386
750,stylish-haskell,Haskell,0.1866456521739131,2012-05-14 09:42:11,15,632
751,subhask,Haskell,0.1592011363636363,2014-04-18 00:54:47,40,389
752,sumatrapdf,C,0.2170508196721311,2012-10-02 06:59:55,278,4236
753,summoner,Haskell,0.37664868421052633,2017-08-18 22:18:39,15,377
754,superagent,JavaScript,0.22648,2011-04-13 02:29:45,238,14658
755,svgo,JavaScript,0.09609333333333335,2012-08-22 10:41:43,252,13214
756,swagger-ui,JavaScript,0.2868363636363636,2011-07-15 22:56:39,671,16481
757,sway,C,-0.00926198347107439,2015-08-05 01:31:45,253,6744
758,sweet-alert-dialog,Java,0.050547794117647045,2014-10-19 09:24:09,274,6795
759,swift-corelibs-foundation,C,0.19801795774647862,2015-11-09 20:12:23,264,3642
760,swiper,JavaScript,0.10441363636363639,2012-03-14 19:11:45,733,21780
761,system-bus-radio,C,0.22745238095238093,2016-02-29 21:48:56,169,4891
762,system-design-primer,Python,0.2999371428571428,2017-02-26 16:15:28,4136,76618
763,systemd,C,0.12464402173913047,2015-03-25 15:27:27,337,5712
764,taffybar,Haskell,0.24877162162162145,2011-08-12 06:10:24,19,417
765,taro,JavaScript,0.08106130653266337,2018-04-08 09:32:26,649,22707
766,taskell,Haskell,0.3921057692307693,2017-11-15 15:02:14,14,644
767,tasty,Haskell,0.27443571428571434,2013-04-22 06:14:16,18,412
768,tcpcopy,C,-0.22208579881656812,2011-10-14 08:15:19,379,3411
769,tech-interview-handbook,JavaScript,0.36558,2016-07-05 05:00:48,1442,36615
770,tengine,C,-0.18458461538461532,2012-03-21 06:34:37,914,9304
771,tensor2tensor,Python,-0.016590243902439034,2017-06-15 16:57:39,444,9183
772,tesseract.js,JavaScript,0.2020142857142857,2015-06-24 02:49:52,440,17980
773,testing-samples,Java,0.1875602564102564,2014-10-11 03:51:27,478,6892
774,tflearn,Python,0.032958620689655174,2016-03-31 12:05:53,491,9318
775,tg,C,0.0059235772357723515,2013-10-03 12:35:05,242,4574
776,the-gan-zoo,Python,0.3120153846153846,2017-04-14 16:45:24,487,7115
777,the_silver_searcher,C,0.02358571428571428,2011-11-19 19:50:47,434,19034
778,thefuck,Python,0.08759673913043478,2015-04-08 15:08:04,813,50377
779,three.js,JavaScript,0.32614394618834097,2010-03-23 18:58:01,2471,56464
780,thumbor,Python,0.28244261363636375,2011-03-16 17:30:05,207,7295
781,tig,C,0.10857464788732393,2009-03-01 20:39:25,179,8387
782,timescaledb,C,0.1828130434782609,2017-03-07 20:03:41,288,7797
783,tini,C,0.3788840000000001,2015-02-27 18:13:59,95,3801
784,tink,Java,0.30096760563380265,2014-06-06 16:21:09,352,8618
785,tinker,Java,-0.19994242424242425,2016-09-06 06:57:52,722,14425
786,tmux,C,0.17162105263157892,2015-06-03 23:32:55,433,15655
787,toBeTopJavaer,Java,-0.05434210526315791,2018-10-25 09:54:54,465,9506
788,toodles,Haskell,0.45758965517241385,2018-09-21 23:49:17,23,940
789,torch7,C,-0.0549214285714286,2013-10-18 12:13:58,664,8437
790,tornado,Python,0.2987021739130434,2009-09-09 04:55:16,1075,18553
791,toxcore,C,0.22986388888888876,2013-06-24 00:12:13,605,8592
792,tqdm,Python,0.15685928571428573,2015-06-03 13:13:14,168,12322
793,transformers,Python,0.22656976744186055,2018-10-29 13:56:00,422,17218
794,transient,Haskell,0.3299375000000001,2014-11-17 13:10:18,32,592
795,transmission,C,0.0918705882352941,2015-05-05 23:53:02,162,3415
796,tutorials,Java,0.255825,2016-05-29 13:29:44,597,7193
797,tutorials,Python,-0.1133909090909091,2016-05-29 13:29:44,597,7193
798,twemproxy,C,0.18986444444444442,2012-02-22 16:53:58,851,9448
799,typeahead.js,JavaScript,0.19119210526315789,2013-02-19 19:45:01,596,15906
800,ungoogled-chromium,Python,0.1988896666666666,2015-06-12 22:24:24,220,7783
801,unison,Haskell,0.3183540540540541,2015-05-06 14:53:49,130,2670
802,unused,Haskell,0.13968214285714284,2016-04-28 09:37:11,17,847
803,uppy,JavaScript,0.2733062015503876,2015-11-16 12:32:33,351,21373
804,upx,C,0.11137549407114632,2016-08-31 11:23:13,207,4499
805,validator.js,JavaScript,0.24217499999999986,2010-10-06 06:58:48,234,14453
806,velocity,JavaScript,0.2800603550295858,2014-04-09 20:02:38,434,16344
807,vert.x,Java,0.20753798449612407,2011-06-17 14:54:55,613,10452
808,vid2vid,Python,0.21252391304347826,2018-08-14 23:27:15,252,6991
809,vim.js,C,0.23384,2013-11-30 07:21:39,150,4375
810,visdom,Python,0.3011618421052632,2017-01-25 17:59:45,176,6712
811,vlayout,Java,-0.004587499999999995,2017-02-27 08:11:47,345,9963
812,vue-cli,JavaScript,-0.04182272727272727,2015-12-26 23:11:20,640,23431
813,vuex,JavaScript,0.265706329113924,2015-07-16 04:21:26,803,22150
814,wai,Haskell,0.12827191011235956,2010-01-17 15:44:09,33,594
815,walle-web,Python,-0.11136428571428572,2015-09-11 05:18:44,520,8872
816,waymonad,Haskell,0.2117452380952381,2017-09-15 07:49:55,41,495
817,wcdb,C,-0.047200000000000006,2017-05-11 09:25:03,281,7927
818,webify,Haskell,0.25225000000000003,2013-04-07 16:42:29,15,382
819,webmagic,Java,0.06897659574468086,2013-04-23 12:57:36,822,8557
820,webpack,JavaScript,0.2654846153846154,2012-03-10 10:08:14,1611,51874
821,webpack-dashboard,JavaScript,0.3714846153846153,2016-08-14 17:44:33,200,13468
822,webview,C,0.07607499999999999,2017-08-19 08:26:00,189,5023
823,wechat_jump_game,Python,-0.01352374100719424,2017-12-29 02:00:19,593,13924
824,windows-kernel-exploits,C,-0.13816,2017-04-25 04:02:31,331,3580
825,winfile,C,0.2789593360995848,2018-04-02 17:27:37,237,5534
826,winston,JavaScript,0.0830842105263158,2010-12-29 18:49:51,227,14399
827,wire-server,Haskell,0.2174595041322314,2017-02-14 10:42:59,109,2030
828,wren,C,0.2589605734767025,2013-11-19 00:43:45,151,3700
829,wreq,Haskell,0.07908571428571429,2014-04-01 03:59:07,20,344
830,write-you-a-haskell,Haskell,0.2733933333333333,2015-01-05 13:44:54,199,2630
831,wrk,C,0.18439166666666668,2012-03-20 11:12:28,722,22497
832,ws,JavaScript,0.19425373134328353,2011-11-09 22:32:45,370,12823
833,wstunnel,Haskell,0.08513461538461539,2016-05-14 23:58:43,12,419
834,wtfjs,JavaScript,0.2559933333333333,2017-07-14 15:42:12,437,15006
835,wtfpython,Python,0.5029136363636364,2017-08-28 20:22:19,596,16225
836,wtfpython-cn,Python,-0.01716000000000001,2018-11-10 09:37:58,454,9192
837,wttr.in,Python,0.3482901098901099,2015-12-26 21:03:43,181,9018
838,xLua,C,-0.10056486486486484,2016-12-07 07:29:07,502,5084
839,xhyve,C,0.12099937106918235,2015-06-10 04:45:42,212,5547
840,xmobar,Haskell,0.22131479820627803,2010-12-05 19:35:25,22,455
841,xmonad,Haskell,0.14879135135135138,2015-08-22 15:58:45,86,1312
842,xxHash,C,0.36757234042553194,2014-04-30 23:32:49,132,3409
843,xxl-job,Java,-0.20579900990099004,2015-11-28 12:59:34,784,10998
844,yaf,C,-0.133416091954023,2011-12-13 08:56:42,478,4061
845,yapf,Python,0.11975781250000003,2015-03-18 18:22:31,208,9946
846,yarn,JavaScript,-0.10020526315789474,2016-01-19 17:39:16,617,37310
847,yasea,C,0.03627796610169493,2016-04-06 13:37:53,254,3586
848,yesod,Haskell,0.12348426395939091,2009-06-27 22:54:51,106,2162
849,yi,Haskell,0.19663421052631577,2011-02-06 21:16:54,65,1305
850,you-get,Python,0.16035164835164847,2012-08-20 15:53:36,1177,28095
851,youtube-dl,Python,0.05927962962962962,2010-10-31 14:35:07,1819,57940
852,zaproxy,Java,0.3013700000000001,2015-06-03 16:55:01,385,6569
853,zero-bullshit-haskell,Haskell,0.6109615384615386,2019-02-13 20:58:46,20,348
854,zfs,C,0.10137155172413805,2009-12-14 20:20:34,467,4939
855,zheng,Java,0.05794444444444446,2016-10-04 10:07:06,1497,14584
856,zipkin,Java,0.2176607692307693,2012-06-06 18:26:16,725,12001
857,zipline,Python,0.1179115942028985,2012-10-19 15:50:29,912,10131
858,zju-icicles,C,-0.15377,2016-06-28 16:17:32,815,14625
859,zsh-git-prompt,Haskell,0.2025989795918368,2010-04-29 18:05:24,42,1287
860,zstd,C,0.34327168141592923,2015-01-24 00:22:38,392,11128
861,zulip,Python,0.37540555555555544,2015-09-25 16:37:25,360,10651
862,zuul,Java,0.13407843137254902,2013-03-13 18:53:57,862,8455
863,zxing,Java,0.2075025,2011-10-12 14:07:27,1672,24124
