,repo,language,comment count,mean sentiment,creation_date,subscribers,stars
0,100-Days-Of-ML-Code,Python,72,0.2908,2018-07-05 09:11:43,2265,27046
1,12306,Python,102,-0.09100392156862744,2017-05-17 12:23:40,568,17567
2,30-seconds-of-code,JavaScript,48,0.39917291666666666,2017-11-29 17:35:03,1751,51957
3,33-js-concepts,JavaScript,14,0.3303428571428571,2018-09-04 13:27:04,1021,30308
4,8cc,C,62,0.13312580645161287,2012-02-28 06:01:01,245,4502
5,ARouter,Java,61,-0.024736065573770477,2016-12-14 01:27:49,347,11063
6,AVLoadingIndicatorView,Java,40,0.12318,2015-10-24 20:18:33,258,9010
7,AdminLTE,JavaScript,106,0.2702726415094339,2013-12-25 02:52:40,2065,32005
8,AiLearning,Python,64,0.048696875,2017-02-25 08:53:02,1344,21427
9,Android-Bootstrap,Java,37,0.23804864864864866,2013-11-01 15:36:17,395,7088
10,Android-CleanArchitecture,Java,85,0.31058941176470584,2014-08-19 14:09:26,868,13926
11,Android-Debug-Database,Java,188,0.14534787234042554,2016-11-16 14:20:24,180,6650
12,Android-ObservableScrollView,Java,21,0.06261904761904762,2014-11-08 14:45:20,416,9485
13,Android-PickerView,Java,22,-0.054459090909090915,2014-12-28 01:46:38,297,10988
14,Android-PullToRefresh,Java,28,0.11791428571428571,2011-11-29 09:59:56,992,8830
15,Android-SpinKit,Java,47,0.062178723404255315,2016-03-20 08:40:51,175,6761
16,Android-Universal-Image-Loader,Java,72,0.10338333333333333,2011-11-27 18:48:23,1397,16630
17,AndroidAsync,Java,34,0.06459705882352941,2012-08-24 07:27:04,421,6452
18,AndroidAutoSize,Java,98,-0.1359734693877551,2018-08-17 09:04:19,162,8700
19,AndroidSlidingUpPanel,Java,82,0.09553658536585366,2013-05-31 18:33:53,368,8718
20,AndroidViewAnimations,Java,47,0.10785106382978724,2014-06-23 03:53:13,457,10980
21,Apktool,Java,246,0.07492926829268293,2012-03-19 17:46:53,585,9104
22,AppImageKit,C,287,0.24214808362369336,2013-04-14 20:53:12,173,5042
23,Arduino,C,204,0.13538676470588237,2015-03-27 05:22:06,900,10345
24,Atlas,C,42,-0.18562619047619047,2013-12-18 10:14:57,551,4166
25,Atmosphere,C,132,0.16317045454545454,2018-01-18 07:36:33,426,3600
26,BGAQRCode-Android,C,49,0.01064285714285714,2014-12-23 15:40:12,197,6112
27,BaseRecyclerViewAdapterHelper,Java,73,0.031160273972602747,2016-04-10 07:40:11,539,18765
28,Boostnote,JavaScript,116,0.27905689655172417,2016-03-06 17:06:07,364,15901
29,BottomBar,Java,27,0.13928148148148148,2016-03-16 01:31:05,255,8331
30,Box2D,C,91,0.11236703296703296,2015-03-14 16:52:46,262,3651
31,CS-Notes,Java,12,-0.04070000000000001,2018-02-13 14:56:24,4227,83188
32,Calligraphy,Java,156,0.16072371794871795,2013-12-20 02:35:45,223,8449
33,Caramel,Haskell,1,0.2263,2015-09-27 22:12:46,14,369
34,Carp,Haskell,218,0.284104128440367,2016-01-11 12:54:09,97,3191
35,Cello,C,61,0.4379934426229508,2012-07-18 19:08:47,248,4991
36,Chart.js,JavaScript,124,0.27233870967741935,2013-03-17 23:56:36,1459,46115
37,ChatterBot,Python,66,0.19175757575757574,2014-09-28 14:49:00,526,9174
38,CheatSheetSeries,Python,208,0.4152206730769231,2018-12-21 14:26:43,365,10781
39,ChromeAppHeroes,Python,1,0.0,2019-02-07 06:35:24,350,10813
40,Cinder,C,123,0.35078780487804884,2010-04-21 19:03:10,294,3978
41,CircleImageView,Java,37,0.022608108108108114,2014-01-17 16:44:46,410,12518
42,CloudHaskell,Haskell,8,0.6328875,2011-02-14 15:37:42,29,346
43,CodeMirror,JavaScript,98,0.20850306122448978,2011-01-14 13:44:03,670,18953
44,CoreNLP,Java,78,0.14456794871794873,2013-06-27 21:13:49,528,6723
45,Craft,C,87,0.016229885057471263,2013-04-09 19:47:38,366,7507
46,DOOM,C,6,-0.8817333333333335,2012-01-31 21:28:06,280,4704
47,Daily-Interview-Question,JavaScript,704,-0.04921164772727272,2019-01-19 10:49:00,863,15765
48,DanmakuFlameMaster,Java,71,-0.1843901408450704,2013-08-11 12:18:50,402,8204
49,DeDRM_tools,Python,194,0.25515360824742267,2015-03-09 17:21:32,372,6630
50,Deep-Learning-Papers-Reading-Roadmap,Python,22,0.08570909090909092,2016-10-14 11:49:48,2149,24510
51,Detectron,Python,70,0.2702857142857143,2017-10-05 17:32:00,989,22362
52,EventBus,Java,76,0.134775,2012-07-16 16:55:40,1118,21852
53,EverydayWechat,Python,26,-0.002773076923076925,2019-03-11 17:38:45,143,6540
54,ExoPlayer,Java,178,0.2036674157303371,2014-06-13 21:19:18,839,14375
55,FFmpeg,C,14,0.2802357142857143,2011-04-14 14:12:38,1146,17320
56,FP-Course-ITMO,Haskell,2,0.2202,2015-09-01 17:20:07,32,476
57,FastPhotoStyle,Python,100,0.119086,2018-02-14 17:29:52,291,9948
58,FileDownloader,Java,166,-0.0556,2015-12-22 11:17:16,315,9067
59,FizzBuzzEnterpriseEdition,Java,137,0.25221167883211676,2012-11-24 00:14:41,182,12051
60,FlycoTabLayout,Java,41,-0.0537560975609756,2015-11-09 01:53:19,226,9322
61,Font-Awesome,JavaScript,64,0.5427968750000001,2012-02-17 14:19:43,1411,61431
62,Fragmentation,Java,33,-0.004796969696969714,2016-02-23 08:54:55,308,9211
63,FreeRDP,C,271,0.13411070110701107,2011-06-30 19:14:15,326,3611
64,Front-End-Checklist,JavaScript,10,0.27085,2017-10-16 10:12:36,1087,36761
65,Functional-Programming,Haskell,3,-0.44826666666666665,2015-02-10 15:07:42,106,2533
66,GSYVideoPlayer,Java,128,-0.10691406249999999,2016-11-13 12:34:31,361,12307
67,Ghost,JavaScript,125,0.11881199999999999,2013-05-04 11:09:13,1147,31768
68,GloVe,C,42,0.17839047619047615,2015-09-01 17:21:18,225,4227
69,HLearn,Haskell,89,0.2950595505617977,2012-07-18 00:08:33,146,1526
70,HaLVM,Haskell,31,0.2341741935483871,2012-03-29 22:39:16,88,973
71,HanLP,Java,83,-0.1574421686746988,2014-10-09 06:36:16,1026,16497
72,HandBrake,C,243,0.11795185185185186,2015-08-22 16:32:28,237,5179
73,HarmonyOS,C,8,0.008875000000000008,2019-08-09 11:24:00,754,13262
74,Haskell-Morte-Library,Haskell,106,0.3311433962264151,2014-08-27 04:23:55,24,343
75,Haskell-Pipes-Library,Haskell,42,0.21498333333333336,2012-01-08 23:53:01,33,412
76,Haskell-Turtle-Library,Haskell,153,0.30106209150326796,2015-01-18 02:53:20,28,722
77,HaskellR,Haskell,35,0.17100857142857143,2013-11-28 10:13:50,46,426
78,Haxl,Haskell,21,0.39748571428571433,2014-04-02 20:10:58,227,3661
79,HelloGitHub,Python,8,-0.07799999999999999,2016-05-04 06:24:11,1151,16856
80,How-to-Make-a-Computer-Operating-System,C,74,0.17515135135135135,2013-11-29 17:36:32,1683,18416
81,IHaskell,Haskell,137,0.19166350364963503,2013-08-26 07:16:09,48,2024
82,Idris-dev,Haskell,53,0.25481886792452835,2011-09-14 16:55:49,138,3043
83,ImplicitCAD,Haskell,87,0.254,2011-10-21 22:02:27,52,775
84,InstaPy,Python,100,0.03132300000000001,2016-09-26 20:36:26,404,9028
85,ItChat,Python,95,-0.21459473684210528,2016-01-19 07:49:48,910,19102
86,JCSprout,Java,47,0.022893617021276617,2017-12-17 09:06:50,1607,22999
87,Java,Java,8,0.21925,2016-07-16 10:21:02,1238,19569
88,JavaGuide,Java,70,0.03859571428571429,2018-05-07 13:27:00,3310,61443
89,JiaoZiVideoPlayer,Java,38,-0.1402921052631579,2016-02-06 11:04:24,319,9906
90,LambdaHack,Haskell,55,0.20660363636363635,2010-10-02 12:59:47,20,356
91,LambdaNet,Haskell,5,-0.08854000000000002,2014-11-14 20:05:28,44,376
92,Learn-Algorithms,C,5,0.16786,2014-05-05 11:35:04,314,4143
93,LiteOS,C,36,0.11159999999999999,2016-09-11 14:25:51,342,3606
94,LitePal,Java,60,-0.06946000000000001,2013-02-20 03:20:07,297,6774
95,LtuPatternFactory,Haskell,3,0.0,2018-10-05 19:32:13,35,478
96,Luban,Java,62,-0.06996612903225806,2016-07-24 07:43:21,330,10986
97,MBE,C,10,-0.03475000000000002,2015-06-20 20:12:04,310,3453
98,ML-From-Scratch,Python,11,0.44748181818181815,2017-02-05 12:11:23,742,13751
99,MLAlgorithms,Python,15,0.08018666666666667,2016-10-05 06:46:45,426,7807
100,MPAndroidChart,Java,9,0.27741111111111105,2014-04-25 14:29:47,1120,29138
101,MVPArms,Java,168,-0.11157619047619047,2016-08-06 08:49:56,320,8998
102,MagicIndicator,Java,66,-0.07880303030303029,2016-06-26 08:20:43,144,7125
103,Marlin,C,232,0.10817241379310345,2011-08-13 08:07:20,749,6216
104,Mask_RCNN,Python,56,0.17732142857142857,2017-10-19 20:28:34,558,14792
105,Material-Animations,Java,45,0.17462000000000003,2015-03-08 20:54:00,531,13083
106,MaterialDesignLibrary,Java,142,-0.01669577464788732,2014-09-30 07:37:17,539,9095
107,Matisse,Java,76,-0.1432263157894737,2017-04-13 01:31:05,222,10421
108,Mock,JavaScript,35,0.03564285714285714,2013-04-26 08:06:57,409,13309
109,Motrix,JavaScript,64,-0.002206249999999998,2018-12-18 11:45:05,250,14493
110,Mybatis-PageHelper,Java,83,-0.024920481927710843,2014-06-09 15:32:30,506,8348
111,NLP-progress,Python,38,0.4413578947368421,2018-06-22 17:43:55,1059,12758
112,NativeBase,JavaScript,39,0.06307692307692306,2016-04-15 11:37:23,265,12983
113,NeteaseCloudMusicApi,JavaScript,59,-0.04493389830508475,2016-06-22 11:58:03,261,12682
114,NewPipe,Java,260,0.1644992307692308,2015-09-03 23:39:26,297,6934
115,OpenRefine,Java,212,0.3325716981132076,2012-10-15 02:22:48,516,6664
116,PayloadsAllTheThings,Python,2,0.0,2016-10-18 07:29:07,691,10707
117,PermissionsDispatcher,Java,13,0.2029076923076923,2015-08-15 21:41:05,276,9553
118,PhotoSwipe,JavaScript,30,0.3181366666666667,2011-04-07 05:46:29,608,19355
119,PhotoView,Java,66,0.17325454545454544,2012-07-17 16:39:00,661,16110
120,Pillow,Python,176,0.16313750000000002,2012-07-24 21:38:39,216,6801
121,PocketHub,Java,101,0.2869306930693069,2011-09-08 16:52:50,973,9438
122,Provenance,C,26,0.09336538461538463,2013-08-27 20:34:36,234,4030
123,PySnooper,Python,84,0.33046309523809525,2019-04-18 13:55:43,207,12879
124,Python,Python,120,0.13805666666666666,2016-07-16 09:44:01,3142,61458
125,QMUI_Android,Java,145,-0.10500551724137933,2017-04-21 10:03:18,264,9388
126,Quake-III-Arena,C,2,0.0,2012-01-31 19:39:13,298,4512
127,RetroArch,C,86,0.2977848837209302,2010-05-27 14:47:40,247,3769
128,RocAlphaGo,Python,78,0.29876410256410263,2016-02-01 00:40:29,957,8980
129,Rome,Haskell,103,0.1456980582524272,2016-08-08 13:47:49,11,527
130,RxAndroid,Java,4,0.2998,2014-08-19 03:46:38,1050,18618
131,RxJS,JavaScript,50,0.12403800000000002,2012-01-07 00:31:41,596,19738
132,RxPermissions,Java,96,0.07782395833333333,2015-09-29 13:55:09,220,9177
133,RxTool,Java,24,-0.22656666666666667,2016-09-24 09:30:45,399,10146
134,SQLAdvisor,C,65,-0.055115384615384615,2017-03-01 07:01:17,306,3998
135,Semantic-UI,JavaScript,48,0.12573125,2013-04-08 23:32:04,1429,46818
136,Sentinel,Java,135,0.053793333333333325,2018-04-04 06:37:33,617,9756
137,Signal-Android,Java,126,0.20113968253968256,2011-12-15 20:01:12,730,12154
138,SlidingMenu,Java,66,0.03769696969696969,2012-06-30 05:14:23,1015,11206
139,SmartRefreshLayout,Java,50,-0.077772,2017-06-02 09:52:50,499,19290
140,SoftEtherVPN,C,96,0.20158854166666665,2014-01-02 12:40:57,607,6224
141,Son,Haskell,32,0.28019375,2017-01-31 21:34:31,10,359
142,Spock,Haskell,98,0.31004489795918366,2013-09-05 19:29:55,20,574
143,SpringAll,Java,7,0.0837,2018-05-02 02:48:44,500,10449
144,TDengine,C,165,-0.2648418181818181,2019-07-11 08:33:48,575,10458
145,Telegram,Java,43,-0.060713953488372094,2013-10-25 14:08:10,1015,12738
146,TencentOS-tiny,C,8,0.08729999999999999,2019-08-23 08:29:59,203,3424
147,TensorFlow-Course,Python,2,0.26335,2018-10-02 18:10:12,799,13712
148,Tesseract-OCR-iOS,C,86,0.13132906976744188,2013-04-30 10:38:14,196,3947
149,TextBlob,Python,63,0.017174603174603172,2013-06-30 18:29:18,278,6666
150,The-Art-Of-Programming-By-July,C,25,-0.19128400000000004,2013-12-14 10:00:06,1898,18326
151,Theano,Python,131,0.004640458015267178,2011-08-10 03:48:06,590,8986
152,Tidal,Haskell,167,0.2554329341317365,2010-09-09 11:00:10,80,998
153,Tinyhttpd,C,15,0.019733333333333335,2015-05-20 06:44:01,271,4055
154,TrumpScript,Python,4,0.0,2016-01-16 05:23:07,147,6980
155,USB-Rubber-Ducky,C,39,0.06591538461538463,2012-02-04 00:52:41,525,3467
156,UltimateAndroidReference,Java,2,0.2463,2017-04-10 07:28:27,395,6886
157,UltimateRecyclerView,Java,35,0.11931714285714286,2015-01-28 02:27:45,304,7100
158,Undecimus,C,135,0.0858874074074074,2018-09-06 12:07:10,367,5320
159,VasSonic,Java,12,-0.17556666666666665,2017-08-01 08:35:13,375,10394
160,ViewPagerIndicator,Java,89,0.0646494382022472,2011-08-04 17:13:44,704,10184
161,VirtualXposed,Java,86,-0.20484651162790696,2017-12-01 09:00:58,409,8490
162,WeChatLuckyMoney,Java,40,-0.09028,2015-09-30 16:11:20,453,6843
163,XSStrike,Python,38,-0.06064736842105264,2017-06-26 07:24:44,229,7322
164,XX-Net,Python,328,-0.08671768292682926,2015-01-15 09:35:51,1806,29100
165,YouCompleteMe,Python,288,0.17775173611111109,2012-04-16 03:12:14,601,20112
166,Zappa,Python,38,0.009978947368421046,2016-01-20 21:57:04,276,9909
167,ZeroNet,Python,353,0.20816345609065154,2015-01-12 00:41:38,855,14912
168,ZipArchive,C,176,0.17212102272727273,2010-08-19 20:28:21,157,4305
169,accelerate,Haskell,248,0.26684798387096775,2011-04-08 02:50:11,43,655
170,aeson,Haskell,237,0.21216033755274263,2011-01-21 21:24:26,31,879
171,agda,Haskell,115,0.033785217391304356,2015-08-08 17:51:48,55,1021
172,airflow,Python,106,0.12795283018867923,2015-04-13 18:04:58,661,14616
173,alga,Haskell,349,0.44257879656160454,2016-12-05 00:30:03,23,515
174,algo,Python,242,0.2117322314049587,2016-05-15 03:42:48,436,15884
175,algorithms,Python,14,0.16458571428571428,2016-11-17 22:32:08,638,16309
176,allennlp,Python,134,0.32949626865671644,2017-05-15 15:52:41,284,7526
177,amazeui,JavaScript,36,-0.07444166666666667,2014-08-04 14:23:37,878,13334
178,amazonka,Haskell,125,0.13022480000000003,2013-08-03 07:08:22,25,407
179,amphtml,JavaScript,24,0.21287083333333334,2015-09-01 22:10:53,703,13247
180,android-gpuimage,Java,36,0.20126388888888885,2012-10-04 08:11:58,377,6515
181,androidannotations,Java,272,0.24749779411764705,2012-01-06 08:48:03,688,10942
182,angular-seed,JavaScript,38,0.17302105263157896,2010-12-24 06:07:50,749,13372
183,angular.js,JavaScript,180,0.1969461111111111,2010-01-06 00:34:37,4137,59616
184,anime,JavaScript,51,0.03739803921568627,2016-03-13 21:37:45,700,33081
185,ansible,Python,90,0.20460111111111112,2012-03-06 14:58:02,2027,40407
186,antlr4,Java,226,0.1360637168141593,2010-02-04 01:36:28,333,6722
187,anypixel,C,20,0.485005,2016-06-02 13:36:47,232,6327
188,applied-fp-course,Haskell,8,0.07169999999999999,2017-10-13 03:38:55,37,447
189,arduino-esp32,C,139,0.07294460431654676,2016-10-06 06:04:20,397,4050
190,arthas,Java,156,-0.037703846153846164,2018-08-29 17:15:57,981,17856
191,articles,Haskell,4,0.5029,2013-02-07 18:52:10,78,991
192,asterius,Haskell,23,0.30642608695652174,2017-11-20 13:18:05,54,1025
193,atom,JavaScript,101,-0.013466336633663367,2012-01-20 18:18:21,2463,50432
194,attoparsec,Haskell,49,0.1354408163265306,2010-10-10 17:30:32,23,402
195,aura,Haskell,90,0.20781555555555553,2012-05-14 11:56:22,27,769
196,auto,Java,196,0.24037653061224495,2013-05-22 21:41:56,385,8270
197,autojump,Python,42,0.10226190476190476,2009-01-14 11:18:07,169,10395
198,ava,JavaScript,160,0.3287275,2014-11-18 17:20:26,246,17064
199,awesome-algorithm,Python,1,0.3804,2017-09-29 04:26:40,489,10349
200,awesome-aws,Python,53,0.11566792452830191,2015-10-12 12:02:47,420,7503
201,awesome-blockchain-cn,JavaScript,13,0.21633076923076927,2017-03-12 06:02:46,994,14388
202,awesome-java-leetcode,Java,4,0.0,2017-04-17 15:51:41,346,6780
203,awesome-machine-learning,Python,3,0.1516,2014-07-15 19:11:19,3296,42558
204,awesome-python,Python,29,0.16096206896551724,2014-06-27 21:00:06,5050,75578
205,awesome-python-login-model,Python,78,-0.045169230769230774,2019-01-20 10:43:13,331,10305
206,awesome-scala,Python,4,0.34125,2014-07-08 08:13:52,674,7203
207,awesome-selfhosted,JavaScript,61,0.22340327868852458,2015-06-01 02:33:17,1469,38038
208,awesome-vscode,JavaScript,32,0.37034687499999996,2016-02-07 23:02:45,491,16047
209,aws-cli,Python,49,0.19681428571428572,2012-11-20 16:07:36,574,8826
210,axios,JavaScript,100,0.151745,2014-08-18 22:30:27,1153,66658
211,babel,JavaScript,308,0.28199545454545455,2014-09-28 13:38:23,880,35057
212,backbone,JavaScript,113,0.15743274336283186,2010-09-30 19:41:28,1446,27566
213,banner,Java,78,-0.03688974358974358,2016-04-22 05:50:25,211,9093
214,bazel,Java,14,0.002928571428571423,2014-06-12 16:00:38,569,13582
215,beanstalkd,C,212,0.14882735849056603,2008-03-31 20:20:41,286,5318
216,beets,Python,174,0.33911896551724136,2010-08-09 23:17:20,450,8995
217,bench,Haskell,17,0.18227647058823526,2016-03-20 06:35:02,11,630
218,bert,Python,42,0.34186904761904763,2018-10-25 22:57:34,873,19657
219,big-list-of-naughty-strings,Python,46,0.20506956521739134,2015-08-08 20:57:20,790,33535
220,bitcoinbook,Python,26,0.2164,2013-08-11 23:18:28,984,12752
221,bitwise,C,13,0.3840769230769231,2018-03-10 04:49:11,427,4484
222,black,Python,81,0.10719506172839506,2018-03-14 19:54:45,155,13522
223,blessed-contrib,JavaScript,89,0.2568213483146067,2015-01-14 14:18:07,358,13206
224,bloodhound,Haskell,103,0.26387378640776693,2014-04-01 14:15:45,16,377
225,bokeh,Python,111,0.28250090090090085,2012-03-26 15:40:01,458,12166
226,bootstrap,JavaScript,178,0.25116629213483144,2011-07-29 21:19:00,7216,136912
227,borg,C,214,0.10088971962616822,2015-05-12 23:10:47,169,5521
228,brick,Haskell,4,0.4789,2015-05-09 08:23:44,25,828
229,brittany,Haskell,135,0.23823925925925926,2016-07-24 21:21:20,26,518
230,brotli,C,160,0.27318687500000005,2014-10-09 14:35:14,340,7959
231,bytecode-viewer,Java,74,0.2316472972972973,2014-10-14 10:26:46,360,10695
232,c4,C,16,0.3288,2014-11-04 17:57:29,294,5469
233,cJSON,C,168,0.27470595238095236,2016-03-19 18:22:54,238,3620
234,cabal,Haskell,69,0.037176811594202885,2012-03-15 12:53:38,75,1083
235,caffeine,Java,156,0.46827564102564107,2014-12-13 08:45:11,356,6820
236,capstone,C,97,0.20185463917525773,2013-11-27 02:32:11,282,3885
237,carbon,JavaScript,112,0.2838107142857143,2017-06-16 02:50:28,239,22193
238,cardano-sl,Haskell,108,0.007194444444444448,2016-10-14 13:44:38,411,3332
239,cas,Java,6,0.11386666666666667,2011-09-09 01:36:42,597,6862
240,cat,Java,45,-0.21099555555555555,2012-12-05 02:31:48,1095,12038
241,ccv,C,47,0.1342723404255319,2010-09-15 15:59:47,370,6571
242,ccxt,JavaScript,152,0.2511953947368421,2017-05-14 15:41:56,735,12642
243,celery,Python,174,0.07789482758620689,2009-04-24 11:31:24,494,13839
244,certbot,Python,90,0.16491777777777777,2014-11-12 02:52:20,860,25904
245,cgrep,Haskell,1,0.958,2013-05-11 11:18:26,39,678
246,charts,JavaScript,87,0.17835862068965516,2017-10-26 10:13:21,241,13059
247,cheat.sh,Python,161,0.31333478260869563,2017-05-07 21:40:56,469,17736
248,chinese-poetry,JavaScript,113,-0.0522212389380531,2016-09-02 03:32:25,771,20881
249,citus,C,74,0.1393716216216216,2016-02-01 21:58:39,177,3860
250,clash-compiler,Haskell,136,0.13252058823529414,2013-07-04 09:29:15,53,762
251,cleave.js,JavaScript,19,0.2962315789473684,2016-05-18 12:45:03,199,14998
252,clipboard.js,JavaScript,95,0.12099052631578947,2015-09-18 23:04:55,442,27490
253,cmus,C,120,0.13208166666666668,2012-12-29 10:05:50,118,3494
254,codeworld,Haskell,72,0.16151250000000003,2014-06-19 21:56:15,63,1008
255,commander.js,JavaScript,211,0.259654028436019,2011-08-14 21:33:58,247,16544
256,compiler,Haskell,32,0.244121875,2012-04-19 06:24:43,238,5582
257,compleat,Haskell,18,0.39961111111111103,2009-10-17 04:54:52,9,377
258,compose,Python,79,0.15531898734177213,2013-12-09 11:40:58,682,17884
259,conduit,Haskell,80,0.26783,2011-12-11 04:55:45,30,682
260,cookiecutter,Python,85,0.26424,2013-07-14 18:31:22,230,10624
261,corrode,Haskell,55,-0.0017036363636363718,2016-05-05 21:12:52,70,1986
262,coturn,C,93,0.1582408602150538,2015-07-17 08:15:16,268,3649
263,coursera-dl,Python,152,0.061555263157894745,2012-03-21 21:07:15,337,7431
264,cpython,Python,109,0.37289449541284403,2017-02-10 19:23:51,1109,27834
265,cryptol,Haskell,68,0.2822102941176471,2014-04-17 22:29:10,74,829
266,cubicaltt,Haskell,61,0.26565409836065573,2015-02-26 13:27:28,48,398
267,curl,C,283,0.09613851590106007,2010-03-18 22:32:22,668,15497
268,cypress,JavaScript,80,0.19003,2015-03-04 00:46:28,308,15949
269,dagger,Java,138,0.02702753623188406,2012-08-02 23:25:32,444,7132
270,darknet,C,44,0.16185681818181819,2014-04-11 07:59:16,853,15401
271,darling,C,172,0.16371744186046513,2012-12-09 10:31:44,205,3699
272,darwin-xnu,C,41,0.22825609756097565,2017-06-02 21:33:51,543,7471
273,dash,Python,80,0.264725,2015-04-10 01:53:08,373,10316
274,data-science-ipython-notebooks,Python,17,0.21079411764705883,2015-01-23 19:38:29,1533,17610
275,db_tutorial,C,7,0.2497857142857143,2017-08-31 17:56:02,186,3939
276,dbeaver,Java,26,0.06171153846153847,2015-10-21 08:26:28,391,11119
277,deeplearning4j,Java,76,0.08489736842105262,2013-11-27 02:03:28,841,11315
278,dex-lang,Haskell,23,0.48132173913043486,2019-10-25 12:33:24,21,425
279,dhall-haskell,Haskell,248,0.24642903225806453,2016-09-07 16:18:15,30,556
280,disque,C,112,0.21052767857142857,2015-04-27 16:06:09,448,7482
281,distributed-process,Haskell,112,0.1397830357142857,2011-11-23 13:59:00,59,622
282,django-cms,Python,64,0.157515625,2009-03-05 10:14:18,416,7120
283,django-rest-framework,Python,88,0.3059840909090909,2011-03-02 17:13:56,559,15843
284,dnngraph,Haskell,14,0.19063571428571427,2015-02-15 03:11:12,37,689
285,docusaurus,JavaScript,292,0.36440616438356166,2017-06-20 16:13:53,205,14241
286,draggable,JavaScript,200,0.14573999999999998,2017-09-27 15:31:23,370,13649
287,dragula,JavaScript,35,0.042794285714285715,2015-04-13 21:35:38,399,19407
288,drawio,JavaScript,78,0.09536923076923078,2016-09-06 12:59:15,431,13836
289,dropzone,JavaScript,71,0.2035408450704225,2012-02-12 16:19:18,423,14620
290,druid,Java,32,-0.008371874999999994,2011-11-03 05:12:51,1761,19340
291,duckling,Haskell,22,0.6836590909090909,2017-03-02 01:45:50,82,2679
292,dva,JavaScript,77,-0.078712987012987,2016-06-24 09:06:16,462,14102
293,easyexcel,Java,44,-0.170975,2018-02-06 03:14:08,460,11106
294,echidna,Haskell,71,0.13629436619718313,2017-08-27 23:13:10,38,379
295,eeeeeeeeeeeeeeeeeeeeeeeeeeeeeeeeeeeeeeeeeeeeeeeeeeeeeeeeeeeeeeeeeeeeeeeeeeeeeeeeeeeeeeeeeeeeeeeeeeee,Python,29,0.2433620689655172,2018-11-08 04:09:47,108,7510
296,egg,JavaScript,175,-0.14074399999999998,2016-06-18 06:53:23,475,14238
297,egison,Haskell,11,0.25222727272727274,2013-02-15 04:35:21,42,688
298,elasticsearch,Java,73,0.058413698630136984,2010-02-08 13:20:56,2791,45471
299,elasticsearch-analysis-ik,Java,70,-0.13868999999999998,2011-12-16 09:01:45,545,8292
300,electronic-wechat,JavaScript,57,-0.15688421052631582,2016-02-18 09:09:53,606,13065
301,elm-format,Haskell,124,0.16268951612903226,2015-09-13 00:09:34,31,1157
302,elm-platform,Haskell,23,0.3764826086956522,2013-12-20 05:24:43,60,784
303,elm-reactor,Haskell,103,0.42897766990291264,2014-04-19 00:00:04,32,424
304,erd,Haskell,105,0.33039904761904765,2013-10-26 17:12:42,37,1079
305,esp-idf,C,123,0.13867642276422762,2016-08-17 10:40:35,437,4099
306,esp8266_deauther,C,142,0.15015140845070424,2017-01-07 13:39:23,394,5637
307,eta,Haskell,121,0.268402479338843,2016-04-07 11:25:02,96,2345
308,etcher,JavaScript,168,0.07798988095238096,2015-10-27 16:53:23,368,16161
309,eureka,Java,38,0.27724210526315796,2012-07-26 22:23:07,938,8622
310,examples,Python,34,0.21886764705882356,2016-08-24 03:12:48,366,10875
311,explainshell,Python,35,0.24329142857142858,2013-08-30 11:20:11,185,7329
312,express,JavaScript,271,0.28746715867158673,2009-06-26 18:56:01,1816,46204
313,f8app,JavaScript,44,0.05180909090909091,2016-03-10 21:45:12,484,13690
314,fabric,Python,51,0.11335686274509804,2009-05-01 01:14:24,522,11841
315,fabric.js,JavaScript,364,0.16249230769230769,2010-06-09 22:24:38,464,14289
316,face_recognition,Python,72,0.15394583333333334,2017-03-03 21:52:39,1420,29832
317,facenet,Python,35,0.13894,2016-02-12 22:14:40,571,9529
318,faker.js,JavaScript,25,0.25198,2010-05-15 00:53:07,319,21382
319,falcon,Python,144,0.39669513888888885,2012-12-06 18:17:51,293,7248
320,fanqiang,JavaScript,175,-0.10390057142857144,2015-01-14 00:34:25,931,13249
321,fashion-mnist,Python,14,0.18087857142857144,2017-08-25 12:05:15,265,6843
322,fastdfs,C,76,-0.27749473684210524,2013-07-04 14:01:35,501,5496
323,fastjson,Java,52,-0.0781076923076923,2011-11-03 06:58:52,1337,19902
324,fastsocket,C,20,-0.04139500000000001,2014-06-24 08:03:52,434,3722
325,fay,Haskell,47,0.25921702127659574,2012-07-21 15:26:38,76,1206
326,ffmpeg-libav-tutorial,C,38,0.275728947368421,2017-11-06 23:40:18,229,4515
327,fishhook,C,46,0.2581217391304348,2013-07-11 20:12:26,180,3632
328,flair,Python,75,0.15744533333333333,2018-06-11 11:04:18,198,7628
329,flask,Python,142,0.20905140845070422,2010-04-06 11:11:59,2264,47565
330,flink,Java,156,0.5329012820512821,2014-06-07 07:00:10,810,11072
331,flinux,C,64,0.0332296875,2014-07-11 14:39:36,237,3551
332,flv.js,JavaScript,45,0.03327111111111111,2016-05-12 08:34:31,610,16630
333,forest-compiler,Haskell,5,0.87202,2017-11-10 22:26:17,36,456
334,foundation,Haskell,79,0.2073759493670886,2016-05-07 13:48:40,28,385
335,fp-course,Haskell,17,0.23417647058823532,2013-01-03 00:13:31,140,3086
336,framework7,JavaScript,82,0.13304268292682925,2014-02-23 12:15:53,726,14927
337,freeCodeCamp,JavaScript,151,0.21016026490066225,2014-12-24 17:49:19,8337,306285
338,freebsd,C,129,0.2557868217054263,2011-09-05 12:55:55,485,4599
339,frp-zoo,Haskell,11,0.18167272727272726,2014-09-29 00:26:18,28,415
340,fullPage.js,JavaScript,227,0.3007022026431718,2013-09-20 11:58:29,905,28613
341,fused-effects,Haskell,72,0.19827916666666667,2018-10-02 16:51:27,24,380
342,futhark,Haskell,96,0.15583645833333334,2013-02-01 15:07:26,53,1036
343,game-programmer,Python,10,-0.28406,2016-12-06 06:26:17,719,9882
344,gb-studio,C,113,0.3115823008849557,2019-04-17 13:14:32,90,4548
345,generic-lens,Haskell,38,0.09095526315789473,2016-09-05 20:22:28,27,359
346,gensim,Python,180,0.16014555555555557,2011-02-10 07:43:04,460,10106
347,ghc,Haskell,33,0.21884848484848485,2011-04-02 19:39:34,150,2248
348,ghc-mod,Haskell,249,0.10293253012048194,2010-03-10 03:02:30,38,691
349,ghcid,Haskell,190,0.13417473684210526,2014-09-26 22:01:52,17,749
350,ghcjs,Haskell,189,0.0803825396825397,2010-08-19 16:32:40,92,2223
351,ghidra,Java,156,0.2619115384615384,2019-03-01 03:27:48,748,18237
352,gifcurry,Haskell,25,0.281016,2016-01-13 05:37:43,19,507
353,git,C,149,0.2937120805369127,2008-07-23 14:21:26,2164,30273
354,gitit,Haskell,67,0.19097164179104478,2008-11-07 07:38:49,85,1714
355,gitsome,Python,116,0.3110775862068965,2016-04-23 03:08:21,130,6671
356,glance,Haskell,5,0.3725,2016-01-05 01:04:01,29,502
357,glances,Python,107,0.10083551401869158,2011-12-04 08:49:15,503,14467
358,glfw,C,92,0.2530369565217392,2013-04-18 15:24:53,368,5640
359,glide,Java,152,0.1495907894736842,2013-07-08 22:52:33,1064,27689
360,glide-transformations,Java,41,0.05698780487804878,2015-01-09 10:33:29,196,8292
361,go-sqlite3,C,188,0.18647446808510634,2011-11-11 12:36:50,128,3613
362,goaccess,C,159,0.17113018867924526,2013-07-14 03:42:08,271,10184
363,gpdb,C,65,0.17265538461538463,2015-10-23 00:25:17,426,3626
364,gpt-2,Python,200,0.20435099999999998,2019-02-11 04:21:59,462,9823
365,graal,Java,78,0.25506666666666666,2016-01-14 17:11:35,413,10955
366,graphql-api,Haskell,106,0.3784150943396226,2016-10-12 09:06:17,17,377
367,greenclip,Haskell,15,0.3572066666666667,2017-01-03 22:43:14,10,362
368,grenade,Haskell,57,0.3036368421052632,2016-06-23 12:04:52,60,1252
369,grin,Haskell,56,0.24418035714285716,2017-06-23 20:18:06,34,539
370,grpc-java,Java,280,0.18640357142857142,2014-12-08 19:00:00,540,6843
371,gson,Java,56,0.29986250000000003,2015-03-19 18:21:20,734,16844
372,guice,Java,154,0.2120194805194805,2014-05-28 23:18:53,570,8732
373,gulp,JavaScript,189,0.13995661375661375,2013-07-04 05:26:06,1161,31542
374,gym,Python,87,0.1448287356321839,2016-04-27 14:59:16,961,18843
375,h2o,C,38,0.22576052631578944,2014-08-16 23:59:03,427,8760
376,hackathon-starter,JavaScript,50,0.3335680000000001,2013-11-13 17:24:12,837,28990
377,hacker-scripts,JavaScript,148,0.15169324324324324,2015-11-21 19:05:09,2188,36504
378,hadolint,Haskell,151,0.20411192052980134,2015-11-15 20:20:58,41,2780
379,hadoop,Java,118,-0.4748220338983051,2014-08-28 07:00:08,1039,9835
380,hakyll,Haskell,96,0.19960104166666667,2009-12-02 12:45:28,56,2070
381,halo,Java,154,-0.1406448051948052,2018-03-21 12:56:52,268,9695
382,handlebars.js,JavaScript,158,0.2927291139240506,2010-07-31 18:54:46,462,14913
383,hashcat,C,188,0.20778351063829786,2015-12-04 14:46:51,364,6872
384,haskell,Haskell,146,0.2540054794520548,2016-10-16 03:40:47,77,1254
385,haskell-code-explorer,Haskell,66,0.2596530303030303,2018-10-02 09:46:36,16,408
386,haskell-do,Haskell,49,0.2595938775510204,2017-02-01 18:25:24,40,348
387,haskell-hedgehog,Haskell,158,0.21711582278481012,2017-03-15 21:57:18,22,484
388,haskell-ide-engine,Haskell,141,0.09442978723404255,2015-10-22 06:59:33,104,2023
389,haskell-opaleye,Haskell,187,0.3300647058823529,2014-11-03 22:57:53,22,453
390,haskell-trainings,Haskell,6,0.07958333333333334,2019-01-23 10:10:14,67,1072
391,haskoin-core,Haskell,2,0.22035,2013-03-14 13:40:12,42,489
392,hasktorch,Haskell,41,0.1770390243902439,2017-09-09 21:50:59,29,409
393,hasql,Haskell,88,0.2774920454545455,2014-10-27 13:13:02,14,346
394,haste-compiler,Haskell,70,0.05670999999999999,2012-01-26 10:23:30,57,1374
395,hellocharts-android,Java,23,0.11055217391304349,2014-10-12 09:12:37,279,6778
396,helm,Haskell,81,0.32397530864197527,2013-07-07 09:38:09,35,597
397,hexo,JavaScript,145,0.11029172413793104,2012-09-23 15:17:08,850,28691
398,hindent,Haskell,37,0.08858918918918918,2014-08-24 15:16:00,15,440
399,hiredis,C,96,0.07947187499999998,2010-05-18 15:10:01,306,4091
400,hledger,Haskell,220,0.3395927272727273,2013-04-08 16:41:47,47,1257
401,hlint,Haskell,146,0.18308972602739726,2013-07-23 08:43:40,26,883
402,home-assistant,Python,82,0.2746621951219512,2013-09-17 07:29:48,1108,28531
403,hoogle,Haskell,101,0.16899999999999998,2012-04-19 13:23:16,22,436
404,hosts,Python,290,0.2587744827586207,2012-04-12 20:22:50,547,13992
405,how2heap,C,15,0.27597999999999995,2016-01-20 01:24:33,236,3408
406,howdoi,Python,11,0.2965545454545454,2012-11-22 08:49:24,240,7589
407,hpack,Haskell,104,0.22483173076923077,2014-11-19 14:51:34,12,387
408,hs-tls,Haskell,130,0.2074676923076923,2010-09-09 21:41:49,24,348
409,hspec,Haskell,73,0.2717684931506849,2011-02-09 22:00:08,11,534
410,hsweb-framework,Java,58,-0.10187241379310344,2016-01-18 03:51:39,748,6857
411,html5-boilerplate,JavaScript,24,0.2444166666666667,2010-01-24 18:03:24,2624,43644
412,htop,C,45,0.2215577777777778,2014-01-13 22:58:20,136,4533
413,http-parser,C,102,0.22172843137254905,2009-04-27 15:09:51,348,5053
414,http-prompt,Python,35,0.2764971428571429,2016-04-06 07:24:35,179,7564
415,httpie,Python,36,0.1850277777777778,2012-02-25 12:39:13,1078,43781
416,hugo,Java,111,0.09261171171171173,2013-11-25 09:16:40,256,7106
417,husky,JavaScript,87,0.2170505747126437,2014-06-23 12:14:21,124,16583
418,hutool,Java,1,0.0,2014-04-13 07:23:51,395,8475
419,hylogen,Haskell,16,0.34174375,2016-03-29 06:01:11,24,415
420,hyper,JavaScript,46,-0.06576739130434782,2016-07-01 06:01:21,495,31861
421,hyperapp,JavaScript,177,0.1800045197740113,2017-01-20 05:20:21,377,17030
422,i3,C,352,0.26315738636363634,2015-02-04 09:23:51,170,4926
423,ijkplayer,C,57,-0.044392982456140345,2013-06-03 04:12:04,1206,25105
424,imgaug,Python,142,0.18084014084507047,2015-07-10 20:31:33,197,7480
425,immer,JavaScript,64,0.3328375,2017-12-29 12:25:47,156,13952
426,immutable-js,JavaScript,39,0.32833846153846147,2014-07-02 06:02:29,586,28727
427,impress.js,JavaScript,202,0.43711485148514856,2011-12-28 22:23:19,1327,35338
428,incubator-druid,Java,153,0.03342745098039215,2012-10-23 19:08:07,624,8860
429,incubator-echarts,JavaScript,280,0.37198928571428574,2013-04-03 03:18:59,1967,37857
430,incubator-mxnet,Python,63,0.09750476190476191,2015-04-30 16:21:15,1178,18041
431,incubator-shardingsphere,Java,235,0.06606808510638298,2016-01-18 12:49:26,922,9291
432,incubator-superset,JavaScript,115,0.3655060869565217,2015-07-21 18:55:34,1231,26863
433,inferno,JavaScript,131,0.2208832061068702,2015-02-01 22:07:38,319,14058
434,inter,Python,252,0.34214603174603175,2017-08-22 07:14:17,165,9850
435,interactive-coding-challenges,Python,44,0.4140681818181818,2015-04-28 21:36:39,870,18560
436,interview_internal_reference,Python,44,-0.12953636363636362,2019-06-10 06:54:19,1097,22520
437,interviews,Java,32,0.09817499999999998,2017-02-14 18:19:25,2272,40303
438,intro_to_parsing,Haskell,9,0.33366666666666667,2013-12-31 12:18:05,13,459
439,ios-webkit-debug-proxy,C,105,0.06476857142857143,2013-02-12 19:08:19,186,4609
440,ip2region,Java,33,-0.08362424242424242,2015-11-02 00:43:13,372,7149
441,ipython,Python,92,0.10488369565217394,2010-05-10 04:46:06,826,13887
442,ish,C,126,0.03232539682539682,2017-05-05 00:10:35,120,4629
443,jadx,Java,86,0.06621279069767443,2013-03-18 17:08:21,685,20494
444,japronto,C,72,0.13215694444444445,2016-10-26 19:51:32,388,7692
445,jasmine,JavaScript,144,0.3353319444444444,2008-12-02 23:46:37,494,14607
446,java-design-patterns,Java,204,0.2534622549019608,2014-08-09 16:45:18,3900,52844
447,java8-tutorial,Java,1,0.0,2014-03-16 17:25:43,915,12390
448,javascript-algorithms,JavaScript,41,0.2375439024390244,2018-03-24 07:47:04,2253,56311
449,jedis,Java,176,0.22746704545454544,2010-06-11 13:04:43,731,8674
450,jemalloc,C,119,0.2754689075630252,2013-10-03 21:37:32,304,4404
451,jenkins,Java,242,0.0715111570247934,2010-11-22 21:21:23,908,14343
452,jerryscript,C,91,0.21237252747252744,2015-04-03 01:10:31,169,3789
453,jest,JavaScript,123,0.23230081300813016,2013-12-10 00:18:04,506,28375
454,jieba,Python,86,0.001137209302325582,2012-09-29 07:52:01,1282,20843
455,jinja,Python,115,0.1509304347826087,2010-10-17 13:41:17,256,6632
456,joi,JavaScript,14,-0.1422,2012-09-16 16:38:06,200,13661
457,jq,C,98,0.22385408163265305,2012-07-18 19:57:25,300,15689
458,jquery-pjax,JavaScript,41,0.09265365853658536,2011-02-26 02:44:18,595,16542
459,js-stack-from-scratch,JavaScript,119,0.2509563025210084,2016-10-02 13:31:23,601,18160
460,jsPDF,JavaScript,42,0.16334047619047617,2009-12-06 14:56:32,495,17979
461,jsdom,JavaScript,80,0.19546124999999998,2010-01-19 06:55:19,260,13166
462,json-server,JavaScript,22,0.20699545454545454,2013-11-27 13:21:13,971,43883
463,juno,Haskell,9,0.5264888888888888,2016-02-26 23:46:40,59,443
464,jupyter,Python,74,0.2915391891891892,2015-06-04 21:05:00,584,8913
465,kafka,Java,87,0.20372643678160923,2011-08-15 18:06:16,1045,14183
466,kaleidoscope,Haskell,7,-0.030442857142857136,2013-12-28 05:12:52,37,761
467,kbengine,C,33,-0.1461181818181818,2014-02-17 09:12:15,546,3705
468,kcp,C,149,-0.10303355704697986,2014-12-26 16:46:34,554,7202
469,keras,Python,29,0.11446206896551724,2015-03-28 00:35:42,2076,45448
470,kilo,C,46,0.1417978260869565,2016-07-10 10:50:21,152,4301
471,kit,Haskell,8,0.209725,2018-08-03 22:22:58,41,897
472,kitten,Haskell,127,0.3762590551181103,2011-12-20 04:17:17,63,751
473,kitty,Python,276,0.21008659420289855,2016-10-16 14:48:28,145,7876
474,kivy,Python,47,0.2685744680851063,2010-11-03 20:27:32,576,10313
475,koa,JavaScript,280,0.17733607142857144,2013-07-20 18:53:45,873,27820
476,koka,Haskell,38,0.4498578947368421,2016-12-08 23:00:37,24,709
477,komposition,Haskell,49,0.22310204081632654,2018-09-28 09:22:39,9,352
478,kphp-kdb,C,71,-0.02422394366197183,2014-02-18 17:19:33,4706,6461
479,lab,C,137,0.07389489051094893,2016-11-30 13:41:26,510,5997
480,labelImg,Python,44,0.22149999999999997,2015-09-17 01:33:59,330,8952
481,lamdu,Haskell,10,0.22973999999999997,2011-10-20 21:13:43,70,1605
482,layui,JavaScript,17,0.04678823529411764,2015-09-22 08:12:03,992,20249
483,learnGitBranching,JavaScript,194,0.3640123711340207,2012-08-13 22:36:09,445,13993
484,lede,C,130,-0.21640692307692308,2017-09-06 07:39:03,337,5169
485,leetcode,JavaScript,79,-0.039505063291139245,2018-03-30 09:13:51,867,22626
486,leksah,Haskell,44,-0.005629545454545456,2011-02-14 22:17:54,51,892
487,lens,Haskell,135,0.08440666666666667,2012-07-25 22:00:42,75,1560
488,lerna,JavaScript,47,0.0760446808510638,2015-12-04 09:36:55,213,19951
489,less.js,JavaScript,169,0.1277266272189349,2010-02-20 17:25:38,714,16202
490,libevent,C,212,0.13943254716981132,2011-06-06 21:42:50,470,5522
491,libgdx,Java,303,0.14856369636963696,2012-08-10 19:34:38,1293,16148
492,libgit2,C,142,0.23070633802816898,2010-09-10 16:17:48,415,7214
493,librdkafka,C,102,0.11824215686274508,2012-09-19 10:14:00,282,3703
494,libsodium,C,18,0.35810000000000003,2013-01-20 00:03:40,385,7770
495,libui,C,168,0.09725952380952381,2015-04-17 00:35:54,336,9054
496,libuv,C,364,0.14310494505494503,2013-11-30 00:29:56,717,13879
497,libvips,C,215,0.25712232558139536,2011-01-25 13:15:00,111,3625
498,linux,C,343,0.25191224489795916,2011-09-04 22:48:12,6849,82884
499,linux-insides,Python,92,0.1497195652173913,2015-01-03 18:44:57,1332,20415
500,liquidhaskell,Haskell,172,-0.0027226744186046523,2012-09-22 15:06:55,22,723
501,litemall,Java,50,-0.095694,2018-03-22 16:42:30,575,10083
502,litho,Java,159,0.22882201257861634,2017-01-27 03:59:11,183,6401
503,localForage,JavaScript,122,0.17847950819672134,2013-10-31 00:10:06,319,16164
504,localstack,Python,56,-0.0005642857142857156,2016-10-25 23:48:03,470,21258
505,lodash,JavaScript,92,0.2395358695652174,2012-04-07 04:11:46,857,42378
506,lombok,Java,156,0.1860551282051282,2009-06-08 19:46:41,415,8560
507,lottie-android,Java,105,0.02886285714285714,2016-10-06 22:42:42,840,27430
508,lua-nginx-module,C,70,0.19964428571428572,2010-04-16 15:59:01,608,7888
509,luigi,Python,72,0.2150763888888889,2012-09-20 15:06:38,510,12492
510,luna,Haskell,71,0.21295774647887322,2016-12-16 17:23:37,108,3394
511,luna-studio,Haskell,32,0.23509375000000002,2017-01-13 13:51:54,27,598
512,lwan,C,141,0.2841460992907801,2012-01-28 00:48:12,307,5076
513,lz4,C,51,0.2382235294117647,2014-03-25 15:52:21,216,4504
514,macOS-Security-and-Privacy-Guide,Python,5,0.22464000000000003,2015-08-31 03:36:35,719,15315
515,mackup,Python,24,0.08078749999999998,2013-04-06 19:22:54,158,9275
516,macvim,C,36,0.2930527777777778,2010-05-29 16:38:11,106,5236
517,magenta,Python,75,0.2668173333333333,2016-05-05 20:10:40,814,14254
518,magic-wormhole,Python,178,0.34618764044943817,2015-02-10 08:38:44,202,9611
519,mall,Java,56,0.01585,2018-04-04 01:11:44,1332,25054
520,manim,Python,73,0.13763424657534246,2015-03-22 18:50:58,482,14877
521,marked,JavaScript,238,0.24242983193277312,2011-07-24 13:15:51,397,20863
522,maskrcnn-benchmark,Python,52,0.3280288461538462,2018-10-24 17:34:50,187,6889
523,masscan,C,42,0.11389523809523812,2013-07-28 05:35:33,600,11163
524,material,JavaScript,95,0.31842,2014-07-01 19:20:06,812,16525
525,material-components-android,Java,116,0.339948275862069,2016-12-05 16:11:29,370,8576
526,material-components-web,JavaScript,90,0.24557111111111113,2016-12-05 16:04:09,433,13479
527,materialize,JavaScript,208,0.2853942307692308,2014-09-12 19:35:38,1122,36759
528,matplotlib,Python,99,0.23500606060606063,2011-02-19 03:17:12,533,10386
529,matrix,C,99,-0.04063535353535353,2018-12-11 07:08:02,186,6388
530,matterhorn,Haskell,162,0.32103888888888893,2016-08-19 16:25:54,15,589
531,mdp,C,28,0.1608107142857143,2014-09-14 13:18:50,71,3583
532,medium-editor,JavaScript,49,0.29695306122448983,2013-05-29 17:40:11,380,14035
533,megaparsec,Haskell,18,0.3031888888888889,2015-07-26 19:33:53,14,538
534,meltdown,C,10,0.45316999999999996,2018-01-03 09:42:18,158,3729
535,memcached,C,212,0.31315471698113206,2009-04-24 23:34:25,737,9500
536,meteor,JavaScript,79,0.22506582278481013,2012-01-19 01:58:17,1795,41425
537,metrics,Java,116,0.2926068965517241,2010-02-26 19:44:42,417,6783
538,miaosha,Java,6,-0.08510000000000001,2018-09-14 04:36:24,545,11454
539,micropython,C,206,0.37379417475728155,2013-12-20 11:47:07,748,9511
540,mimalloc,C,140,0.3406307142857143,2019-06-19 21:14:44,95,3523
541,mimikatz,C,58,0.23747068965517243,2014-04-06 18:30:02,810,8629
542,miso,Haskell,44,0.31931363636363636,2016-06-26 04:28:54,44,1456
543,mitmproxy,Python,62,0.1475935483870968,2010-02-16 04:10:13,552,16821
544,mjolnir,C,42,0.09295238095238097,2014-06-19 12:10:55,88,5054
545,ml-agents,Python,119,0.22587563025210083,2017-09-08 21:09:04,488,7214
546,mmdetection,Python,74,0.13863378378378377,2018-08-22 07:06:06,259,7276
547,mobx,JavaScript,272,0.31808860294117647,2015-03-14 14:31:38,394,20859
548,models,Python,73,0.3625767123287671,2016-02-05 01:15:20,2967,59451
549,moment,JavaScript,121,0.19475537190082645,2011-03-01 02:46:06,956,42792
550,monaco-editor,JavaScript,37,0.20497837837837832,2016-06-07 16:56:31,486,17857
551,mongoose,JavaScript,134,0.20983432835820898,2010-04-06 21:39:05,551,19770
552,mozjpeg,C,182,0.19890054945054944,2014-01-12 06:25:02,176,3824
553,mpv,C,305,0.1459544262295082,2012-10-13 08:08:44,446,10838
554,mruby,C,116,0.17022931034482755,2012-04-19 09:11:15,276,4491
555,musicbox,Python,89,-0.09704157303370786,2014-08-05 03:28:24,287,7942
556,mybatis-3,Java,132,0.2861181818181818,2013-02-14 19:03:32,1175,12241
557,mybatis-plus,Java,30,-0.03818999999999999,2016-08-18 10:06:53,398,7076
558,mysql,JavaScript,548,0.20263357664233578,2010-07-29 14:58:13,502,14751
559,nacos,Java,85,-0.05302705882352941,2018-06-15 06:49:27,664,9271
560,nanomsg,C,38,0.2033421052631579,2012-10-10 08:32:14,462,4790
561,nativefier,JavaScript,84,0.10915238095238095,2015-07-05 05:56:42,414,21257
562,neo4j,Java,159,0.06634276729559746,2012-11-12 08:46:15,471,7099
563,netdata,C,186,0.18789247311827958,2013-06-17 18:39:10,1357,42497
564,neural-doodle,Python,160,0.07724500000000001,2016-03-05 23:35:18,326,9260
565,neural-enhance,Python,172,0.07692325581395348,2016-10-01 13:01:50,365,9684
566,neural-networks-and-deep-learning,Python,2,0.33525,2012-11-13 13:38:24,1002,10346
567,newspaper,Python,22,0.07664545454545453,2013-11-25 09:50:50,349,8824
568,next.js,JavaScript,145,0.3512772413793103,2016-10-05 23:32:51,809,42505
569,nginx-proxy,Python,77,0.24728441558441558,2014-05-05 17:01:40,289,11948
570,nginx-rtmp-module,C,81,-0.057760493827160496,2012-03-14 05:37:38,658,8614
571,nmap,C,69,0.10591739130434784,2012-03-09 14:47:43,303,3515
572,nnn,C,3,0.42060000000000003,2016-08-20 14:10:14,94,6576
573,no-more-secrets,C,10,0.15710000000000002,2016-04-04 20:41:05,123,4523
574,node,JavaScript,111,0.14017207207207208,2014-11-26 19:57:11,2925,65784
575,nodebestpractices,JavaScript,366,0.4851245901639345,2017-09-15 08:33:19,1141,36079
576,nodemcu-firmware,C,223,0.1543896860986547,2014-11-20 15:06:45,564,5717
577,nodemon,JavaScript,74,0.06683783783783784,2010-10-03 12:50:52,259,19364
578,normalizr,JavaScript,50,0.17453000000000002,2014-08-20 08:41:38,212,17969
579,nprogress,JavaScript,38,0.27306315789473684,2013-08-20 13:58:02,441,19921
580,nuklear,C,113,0.285287610619469,2015-03-25 13:32:06,582,13163
581,numpy,C,118,0.16610423728813553,2010-09-13 23:02:39,474,12286
582,nuxt.js,JavaScript,87,0.18729080459770114,2016-10-26 11:18:47,598,23579
583,obs-studio,C,217,0.2527539170506912,2013-10-01 02:40:31,1186,15301
584,odoo,Python,35,0.14746857142857142,2014-05-13 15:38:58,1538,15775
585,okhttputils,Java,6,0.0,2015-08-17 14:53:29,420,6759
586,openpilot,C,271,0.22832029520295202,2016-11-24 01:33:30,868,12761
587,openresty,C,69,0.21087391304347824,2010-01-20 03:57:59,559,7720
588,openssl,C,182,0.1871489010989011,2013-01-15 22:34:48,866,11732
589,openvpn,C,109,0.352988990825688,2012-04-26 20:42:48,364,4262
590,openwrt,C,268,0.20183507462686567,2015-11-09 07:13:55,423,4846
591,optparse-applicative,Haskell,143,0.30943076923076923,2012-05-11 17:09:52,13,586
592,ormolu,Haskell,133,0.10024135338345865,2018-11-25 12:16:23,29,354
593,os-tutorial,C,91,0.09726043956043957,2014-09-29 08:39:34,801,16626
594,oss-fuzz,C,165,0.18522909090909093,2016-07-20 19:39:50,221,4735
595,paascloud-master,Java,146,-0.11016438356164383,2018-03-17 05:40:43,442,6591
596,pandas,Python,200,0.185878,2010-08-24 01:37:33,1041,22364
597,pandoc,Haskell,209,0.2684468899521531,2010-03-20 20:34:23,497,17274
598,pandoc-crossref,Haskell,122,0.24324672131147543,2015-03-19 20:51:47,14,356
599,parcel,JavaScript,91,0.09830989010989012,2017-08-07 16:36:47,475,33786
600,parse-server,JavaScript,289,0.24492871972318342,2016-01-28 18:29:14,655,16911
601,parsec,Haskell,93,0.2629548387096774,2014-03-23 20:46:26,10,506
602,particles.js,JavaScript,31,0.20880967741935486,2014-09-06 14:29:47,550,20410
603,patat,Haskell,33,0.3313090909090909,2016-09-23 09:37:28,24,1236
604,pattern,Python,69,0.0014840579710144982,2011-05-03 15:29:01,567,7213
605,pboy,Haskell,15,0.1835933333333333,2018-05-07 13:41:54,11,568
606,pdf.js,JavaScript,161,0.10673167701863355,2011-04-26 06:32:03,1032,28660
607,pelican,Python,228,0.2431390350877193,2010-10-16 18:57:40,363,9214
608,penrose,Haskell,64,0.3610328125,2016-09-22 04:47:19,53,1698
609,php-src,C,129,0.14004418604651162,2011-06-16 01:52:25,1527,25565
610,phpredis,C,202,0.1258752475247525,2011-03-15 14:40:14,507,7894
611,picasso,Java,99,0.11957676767676768,2013-05-14 15:07:47,931,17146
612,pifs,C,118,0.2240093220338983,2012-04-01 02:56:52,181,4722
613,pipenv,Python,95,0.17184421052631577,2017-01-20 00:44:02,376,18875
614,pixi.js,JavaScript,181,0.27019060773480663,2013-01-21 22:40:50,1056,27768
615,pkg,JavaScript,118,0.13817966101694915,2016-08-08 19:41:59,251,14784
616,plyr,JavaScript,17,0.10147647058823528,2015-02-14 11:33:07,394,15595
617,pm2,JavaScript,49,0.04905102040816327,2013-05-21 03:25:25,705,30957
618,poco,C,14,0.1554357142857143,2012-10-24 19:39:16,401,3915
619,poetry,Python,56,0.10531785714285713,2018-02-28 15:23:47,100,6967
620,polysemy,Haskell,222,0.17093558558558558,2019-02-13 20:53:25,32,563
621,popper.js,JavaScript,167,0.28262275449101804,2016-03-29 17:00:47,239,13143
622,portia,Python,54,0.04965370370370371,2014-03-21 14:24:31,489,7374
623,postcss,JavaScript,125,0.2642424,2013-09-24 23:06:48,552,21801
624,postgrest,Haskell,194,0.2934567010309278,2014-06-13 00:23:00,348,13514
625,prepack,JavaScript,102,0.12954901960784312,2015-10-28 23:25:08,287,13891
626,presto,Java,60,0.25448333333333334,2012-08-09 01:03:37,879,9874
627,progress,C,94,0.25088723404255314,2013-11-22 15:25:33,126,4777
628,project-guidelines,JavaScript,29,0.39479999999999993,2017-06-30 10:17:55,533,20088
629,project-m36,Haskell,163,0.3450386503067485,2014-10-27 00:17:22,45,574
630,prophet,Python,352,0.3136278409090909,2016-11-16 01:50:08,382,9661
631,proxychains-ng,C,259,0.11490347490347491,2011-09-03 22:54:51,204,5554
632,pthreads,C,145,0.0720151724137931,2012-08-28 17:57:40,224,3331
633,public-apis,Python,21,0.1730857142857143,2016-03-20 23:49:42,1843,65122
634,puppeteer,JavaScript,55,0.2675527272727272,2017-05-09 22:16:13,1207,55963
635,purescript,Haskell,181,0.206353591160221,2013-09-30 05:29:23,194,6107
636,purescript-native,Haskell,16,0.3679875,2014-12-06 06:16:39,24,426
637,py12306,Python,105,-0.1517238095238095,2019-01-07 18:04:11,225,7538
638,pyecharts,Python,115,-0.10384956521739129,2017-06-22 02:50:25,298,7365
639,pyspider,Python,43,-0.027500000000000004,2014-02-21 19:18:47,895,13828
640,python-cheatsheet,Python,16,0.4525625,2018-01-25 04:16:53,401,9861
641,python-fire,Python,175,0.22581314285714285,2017-02-21 21:35:07,372,15691
642,python-patterns,Python,58,0.337398275862069,2012-06-06 21:02:35,1574,22767
643,pytorch-CycleGAN-and-pix2pix,Python,82,0.11624146341463415,2017-04-18 10:33:05,292,10210
644,pytorch-tutorial,Python,49,0.1698897959183673,2017-03-10 07:41:47,529,14125
645,q,Python,347,0.24676570605187317,2012-01-30 21:12:09,175,7189
646,qmk_firmware,C,87,0.2891701149425288,2014-12-08 22:02:05,192,5416
647,qrcode,Python,36,0.04717222222222222,2016-08-25 12:51:42,260,6610
648,quasar,JavaScript,58,0.20211724137931034,2015-10-05 15:45:36,453,12710
649,queryparser,Haskell,31,0.4273096774193549,2017-04-13 04:51:29,52,751
650,quickcheck,Haskell,178,0.22631460674157305,2012-07-28 22:50:15,32,504
651,radare2,C,106,0.1275820754716981,2012-07-03 07:42:26,455,11422
652,radicle,Haskell,39,0.4216692307692308,2018-05-17 08:50:33,27,864
653,raft,Haskell,5,0.2522,2018-09-25 10:09:31,23,367
654,ramda,JavaScript,168,0.4266517857142857,2013-06-21 20:32:35,297,17536
655,rasa,Python,188,0.3080989361702128,2016-10-14 12:27:49,295,7055
656,raspberry-pi-os,C,65,0.47800461538461536,2017-06-22 16:09:36,387,6894
657,ray,Python,159,-0.06867861635220125,2016-10-25 19:38:30,334,9346
658,react-beautiful-dnd,JavaScript,91,0.14535164835164838,2017-08-09 03:37:15,231,17042
659,react-developer-roadmap,JavaScript,48,0.35286666666666666,2018-06-16 13:40:50,513,13383
660,react-motion,JavaScript,90,0.14312555555555556,2015-06-11 07:38:23,289,17528
661,react-native-elements,JavaScript,144,0.19351319444444448,2016-09-08 14:21:41,390,17526
662,react-spring,JavaScript,173,0.19308381502890173,2018-03-07 15:39:32,180,15046
663,react-starter-kit,JavaScript,58,0.12165862068965516,2014-04-16 13:08:18,589,19656
664,react-virtualized,JavaScript,40,0.11694249999999999,2015-11-03 00:48:07,246,17380
665,reactive-banana,Haskell,223,0.17354843049327356,2011-01-15 20:19:26,35,431
666,reactos,C,110,0.08520363636363638,2017-10-03 08:04:52,314,7016
667,real-world-haskell-cn,Haskell,24,0.21872083333333334,2012-10-19 16:07:47,114,1249
668,recompose,JavaScript,264,0.2644757575757576,2015-10-07 05:54:51,203,14265
669,redash,JavaScript,134,0.05163134328358208,2013-10-28 13:19:39,548,14298
670,redcarpet,C,68,0.06763970588235291,2011-03-24 22:05:14,107,4483
671,redis,C,65,0.2795615384615384,2009-03-21 22:32:25,2755,39734
672,redis-3.0-annotated,C,3,-0.23026666666666665,2014-06-28 02:40:10,534,5618
673,redisson,Java,118,-0.02748135593220339,2014-01-11 14:06:25,812,11234
674,redshift,C,96,0.062153125,2012-12-20 13:42:26,109,4309
675,redux-saga,JavaScript,153,0.23721633986928103,2015-11-29 16:58:12,306,19333
676,redux-thunk,JavaScript,44,0.31286363636363634,2015-07-13 13:33:08,178,13542
677,reflex,Haskell,114,0.2819868421052632,2014-11-09 20:27:01,65,801
678,relay,JavaScript,131,0.21593435114503814,2015-08-10 22:09:16,404,13803
679,reptyr,C,35,0.0985457142857143,2011-01-14 00:33:50,93,3412
680,request,JavaScript,16,-0.0003125000000000003,2011-01-23 01:25:14,451,23677
681,requests-html,Python,68,0.10322058823529412,2018-02-24 20:11:02,286,10430
682,rest,Haskell,167,0.283674251497006,2014-04-04 14:22:27,25,384
683,resume.github.com,JavaScript,112,0.22879821428571429,2011-02-06 13:39:55,334,42640
684,rio,Haskell,74,0.2527770270270271,2017-12-30 16:36:57,38,511
685,riot,JavaScript,14,0.055128571428571416,2013-09-27 05:21:01,438,13963
686,robotgo,C,76,0.14801973684210526,2016-09-26 16:26:56,197,4678
687,robotjs,C,101,0.021673267326732686,2014-08-31 14:13:47,220,8369
688,rocketmq,Java,67,0.19503582089552238,2016-11-30 08:00:08,783,9462
689,rofi,C,145,0.12798344827586208,2013-01-20 11:54:45,87,5014
690,rollup,JavaScript,140,0.16590785714285713,2015-05-14 22:26:28,273,16995
691,routersploit,Python,110,0.0003236363636363684,2016-03-30 11:43:12,501,7447
692,rt-thread,C,103,-0.11377961165048542,2013-01-02 14:49:21,486,3611
693,rufus,C,59,0.43332203389830515,2011-11-19 19:12:05,400,9267
694,s2n,C,43,0.04523023255813954,2014-06-27 19:37:59,178,3543
695,sails,JavaScript,166,0.5733765060240964,2012-03-18 19:46:15,738,20998
696,salt,Python,23,0.26401304347826093,2011-02-20 20:16:56,597,10418
697,sanic,Python,246,0.20230528455284552,2016-05-26 04:38:22,469,13087
698,schedule,Python,48,0.15646666666666667,2013-05-19 12:51:20,202,6744
699,scheme,Haskell,2,-0.0386,2016-03-21 22:22:25,27,349
700,scotty,Haskell,99,0.11557676767676765,2011-12-30 22:43:27,40,1370
701,scrapy,Python,111,0.06676936936936938,2010-02-22 02:01:14,1843,35117
702,scrcpy,C,178,0.11942921348314607,2017-11-21 18:00:27,538,21429
703,seaborn,Python,78,0.07059871794871796,2012-06-18 18:41:19,240,6585
704,seafile,C,39,0.046471794871794876,2012-07-12 06:47:55,469,7251
705,seata,Java,64,-0.037209375,2018-12-28 08:37:22,771,12611
706,selda,Haskell,75,0.297844,2017-04-08 21:15:10,15,386
707,selenium,Java,132,0.1602060606060606,2013-01-14 21:40:56,1306,16142
708,semantic,Haskell,100,0.36887299999999995,2019-03-15 14:54:00,153,6696
709,sequelize,JavaScript,52,0.37047307692307696,2010-07-22 07:11:11,447,20382
710,servant,Haskell,111,0.31619189189189184,2014-12-02 15:58:17,65,1280
711,serverless,JavaScript,77,0.17163896103896106,2015-04-21 03:48:40,1003,32839
712,shadowsocks,Python,9,0.018322222222222226,2012-04-20 13:10:49,2074,31877
713,shake,Haskell,126,0.1132801587301587,2013-02-25 20:10:28,25,578
714,shellcheck,Haskell,34,0.0005088235294117511,2012-11-17 03:15:11,390,17134
715,sherlock,Python,168,0.24807023809523812,2018-12-24 14:30:48,170,7742
716,siege,C,80,-0.00018375000000000197,2014-09-26 16:33:59,103,3622
717,sixten,Haskell,48,0.4273833333333334,2017-10-19 18:44:48,34,550
718,skynet,C,92,-0.12055543478260866,2012-08-01 03:30:42,1280,8447
719,skywalking,Java,242,0.27344049586776853,2015-11-07 03:30:36,726,11226
720,slate,JavaScript,124,0.3145177419354839,2013-09-13 22:15:24,509,28397
721,snap,Haskell,64,0.36327187499999997,2010-07-03 18:14:08,21,419
722,socket.io,JavaScript,33,0.14034848484848483,2010-03-11 18:24:48,1669,48052
723,solo,Java,25,-0.278084,2012-04-10 02:08:05,566,13135
724,sovereign,Python,125,0.2008376,2013-08-19 22:09:16,242,7555
725,spaCy,Python,116,0.2776422413793103,2014-07-03 15:15:40,556,15092
726,spark,Java,130,0.38524769230769235,2011-05-05 11:52:05,439,8547
727,sparkle,Haskell,60,0.17864333333333335,2015-11-09 15:49:47,51,385
728,speedtest-cli,Python,57,0.08178245614035087,2012-09-10 19:17:53,302,8864
729,spinnaker,Python,73,0.21103835616438357,2014-07-02 19:02:36,374,6673
730,spleeter,Python,38,0.23717368421052634,2019-09-26 15:40:46,175,7835
731,spring-boot,Java,67,0.1470358208955224,2012-10-19 15:02:57,3326,43445
732,spring-boot-examples,Java,17,0.14104705882352941,2016-11-05 05:32:33,1159,19558
733,spring-cloud-alibaba,Java,82,0.06315975609756097,2017-12-01 20:49:15,708,10316
734,sqlcipher,C,49,0.3728102040816327,2008-07-30 17:20:41,240,3815
735,sqlmap,Python,143,0.12727342657342658,2012-06-26 09:52:15,905,15627
736,sshuttle,Python,15,0.16629333333333335,2010-05-02 06:50:16,354,8997
737,stack,Haskell,77,-0.03248571428571429,2015-04-29 20:56:42,106,3223
738,stanford-tensorflow-tutorials,Python,59,-0.0700271186440678,2016-11-05 18:21:51,636,9145
739,statsd,JavaScript,186,0.33770322580645157,2010-12-30 00:09:50,475,14536
740,stb,C,45,0.18834666666666663,2014-05-25 16:51:23,574,11158
741,stgi,Haskell,7,0.4022142857142857,2016-03-31 17:57:55,20,351
742,store.js,JavaScript,38,0.10947105263157896,2010-06-27 20:29:33,373,12708
743,storm,Java,242,0.32431818181818184,2011-09-17 07:55:13,1076,9036
744,stream-handbook,JavaScript,48,0.16584791666666668,2012-08-26 07:24:04,436,12741
745,streamly,Haskell,51,0.25974117647058825,2017-07-13 13:31:39,22,424
746,streem,C,198,0.2501005050505051,2014-12-11 08:07:50,401,4386
747,stylish-haskell,Haskell,46,0.18664565217391302,2012-05-14 09:42:11,15,632
748,subhask,Haskell,88,0.15920113636363636,2014-04-18 00:54:47,40,389
749,sumatrapdf,C,122,0.21705081967213113,2012-10-02 06:59:55,278,4236
750,summoner,Haskell,76,0.37664868421052633,2017-08-18 22:18:39,15,377
751,superagent,JavaScript,100,0.22648000000000004,2011-04-13 02:29:45,238,14658
752,svgo,JavaScript,60,0.09609333333333332,2012-08-22 10:41:43,252,13214
753,swagger-ui,JavaScript,55,0.2868363636363636,2011-07-15 22:56:39,671,16481
754,sway,C,121,-0.00926198347107439,2015-08-05 01:31:45,253,6744
755,sweet-alert-dialog,Java,272,0.05054779411764705,2014-10-19 09:24:09,274,6795
756,swift-corelibs-foundation,C,284,0.1980179577464789,2015-11-09 20:12:23,264,3642
757,swiper,JavaScript,66,0.10441363636363635,2012-03-14 19:11:45,733,21780
758,system-bus-radio,C,21,0.22745238095238093,2016-02-29 21:48:56,169,4891
759,system-design-primer,Python,35,0.2999371428571428,2017-02-26 16:15:28,4136,76618
760,systemd,C,184,0.12464402173913043,2015-03-25 15:27:27,337,5712
761,taffybar,Haskell,222,0.2487716216216216,2011-08-12 06:10:24,19,417
762,taro,JavaScript,199,0.08106130653266332,2018-04-08 09:32:26,649,22707
763,taskell,Haskell,52,0.3921057692307692,2017-11-15 15:02:14,14,644
764,tasty,Haskell,56,0.2744357142857143,2013-04-22 06:14:16,18,412
765,tcpcopy,C,169,-0.22208579881656804,2011-10-14 08:15:19,379,3411
766,tech-interview-handbook,JavaScript,10,0.36558,2016-07-05 05:00:48,1442,36615
767,tengine,C,78,-0.18458461538461537,2012-03-21 06:34:37,914,9304
768,tensor2tensor,Python,41,-0.016590243902439027,2017-06-15 16:57:39,444,9183
769,tesseract.js,JavaScript,7,0.2020142857142857,2015-06-24 02:49:52,440,17980
770,testing-samples,Java,156,0.1875602564102564,2014-10-11 03:51:27,478,6892
771,tflearn,Python,29,0.03295862068965515,2016-03-31 12:05:53,491,9318
772,tg,C,123,0.005923577235772361,2013-10-03 12:35:05,242,4574
773,the-gan-zoo,Python,13,0.3120153846153846,2017-04-14 16:45:24,487,7115
774,the_silver_searcher,C,35,0.02358571428571428,2011-11-19 19:50:47,434,19034
775,thefuck,Python,92,0.08759673913043478,2015-04-08 15:08:04,813,50377
776,three.js,JavaScript,223,0.32614394618834075,2010-03-23 18:58:01,2471,56464
777,thumbor,Python,176,0.28244261363636364,2011-03-16 17:30:05,207,7295
778,tig,C,71,0.10857464788732393,2009-03-01 20:39:25,179,8387
779,timescaledb,C,138,0.18281304347826086,2017-03-07 20:03:41,288,7797
780,tini,C,50,0.3788840000000001,2015-02-27 18:13:59,95,3801
781,tink,Java,284,0.30096760563380287,2014-06-06 16:21:09,352,8618
782,tinker,Java,66,-0.19994242424242423,2016-09-06 06:57:52,722,14425
783,tmux,C,19,0.17162105263157892,2015-06-03 23:32:55,433,15655
784,toBeTopJavaer,Java,19,-0.05434210526315791,2018-10-25 09:54:54,465,9506
785,toodles,Haskell,29,0.45758965517241385,2018-09-21 23:49:17,23,940
786,torch7,C,42,-0.05492142857142858,2013-10-18 12:13:58,664,8437
787,tornado,Python,92,0.2987021739130435,2009-09-09 04:55:16,1075,18553
788,toxcore,C,288,0.2298638888888889,2013-06-24 00:12:13,605,8592
789,tqdm,Python,140,0.15685928571428573,2015-06-03 13:13:14,168,12322
790,transformers,Python,86,0.22656976744186047,2018-10-29 13:56:00,422,17218
791,transient,Haskell,24,0.3299375,2014-11-17 13:10:18,32,592
792,transmission,C,34,0.09187058823529412,2015-05-05 23:53:02,162,3415
793,tutorials,Python,27,0.1054037037037037,2016-05-29 13:29:44,597,7193
794,twemproxy,C,90,0.18986444444444445,2012-02-22 16:53:58,851,9448
795,typeahead.js,JavaScript,38,0.19119210526315786,2013-02-19 19:45:01,596,15906
796,ungoogled-chromium,Python,300,0.1988896666666667,2015-06-12 22:24:24,220,7783
797,unison,Haskell,37,0.31835405405405415,2015-05-06 14:53:49,130,2670
798,unused,Haskell,28,0.13968214285714287,2016-04-28 09:37:11,17,847
799,uppy,JavaScript,129,0.27330620155038754,2015-11-16 12:32:33,351,21373
800,upx,C,253,0.11137549407114623,2016-08-31 11:23:13,207,4499
801,validator.js,JavaScript,232,0.242175,2010-10-06 06:58:48,234,14453
802,velocity,JavaScript,169,0.28006035502958576,2014-04-09 20:02:38,434,16344
803,vert.x,Java,129,0.207537984496124,2011-06-17 14:54:55,613,10452
804,vid2vid,Python,46,0.21252391304347826,2018-08-14 23:27:15,252,6991
805,vim.js,C,40,0.23384,2013-11-30 07:21:39,150,4375
806,visdom,Python,152,0.30116184210526314,2017-01-25 17:59:45,176,6712
807,vlayout,Java,56,-0.004587499999999999,2017-02-27 08:11:47,345,9963
808,vue-cli,JavaScript,44,-0.04182272727272728,2015-12-26 23:11:20,640,23431
809,vuex,JavaScript,79,0.265706329113924,2015-07-16 04:21:26,803,22150
810,wai,Haskell,178,0.12827191011235953,2010-01-17 15:44:09,33,594
811,walle-web,Python,56,-0.11136428571428571,2015-09-11 05:18:44,520,8872
812,waymonad,Haskell,42,0.2117452380952381,2017-09-15 07:49:55,41,495
813,wcdb,C,91,-0.04719999999999999,2017-05-11 09:25:03,281,7927
814,webify,Haskell,6,0.25225000000000003,2013-04-07 16:42:29,15,382
815,webmagic,Java,94,0.06897659574468086,2013-04-23 12:57:36,822,8557
816,webpack,JavaScript,195,0.2654846153846154,2012-03-10 10:08:14,1611,51874
817,webpack-dashboard,JavaScript,104,0.37148461538461536,2016-08-14 17:44:33,200,13468
818,webview,C,48,0.076075,2017-08-19 08:26:00,189,5023
819,wechat_jump_game,Python,139,-0.013523741007194242,2017-12-29 02:00:19,593,13924
820,windows-kernel-exploits,C,5,-0.13816,2017-04-25 04:02:31,331,3580
821,winfile,C,241,0.278959336099585,2018-04-02 17:27:37,237,5534
822,winston,JavaScript,38,0.0830842105263158,2010-12-29 18:49:51,227,14399
823,wire-server,Haskell,121,0.21745950413223136,2017-02-14 10:42:59,109,2030
824,wren,C,279,0.2589605734767025,2013-11-19 00:43:45,151,3700
825,wreq,Haskell,28,0.07908571428571429,2014-04-01 03:59:07,20,344
826,write-you-a-haskell,Haskell,30,0.2733933333333333,2015-01-05 13:44:54,199,2630
827,wrk,C,60,0.18439166666666665,2012-03-20 11:12:28,722,22497
828,ws,JavaScript,67,0.1942537313432836,2011-11-09 22:32:45,370,12823
829,wstunnel,Haskell,26,0.08513461538461539,2016-05-14 23:58:43,12,419
830,wtfjs,JavaScript,60,0.2559933333333333,2017-07-14 15:42:12,437,15006
831,wtfpython,Python,66,0.5029136363636363,2017-08-28 20:22:19,596,16225
832,wtfpython-cn,Python,10,-0.017159999999999998,2018-11-10 09:37:58,454,9192
833,wttr.in,Python,182,0.34829010989010994,2015-12-26 21:03:43,181,9018
834,xLua,C,37,-0.10056486486486485,2016-12-07 07:29:07,502,5084
835,xhyve,C,159,0.12099937106918239,2015-06-10 04:45:42,212,5547
836,xmobar,Haskell,223,0.22131479820627803,2010-12-05 19:35:25,22,455
837,xmonad,Haskell,185,0.14879135135135135,2015-08-22 15:58:45,86,1312
838,xxHash,C,94,0.36757234042553183,2014-04-30 23:32:49,132,3409
839,xxl-job,Java,101,-0.2057990099009901,2015-11-28 12:59:34,784,10998
840,yaf,C,87,-0.133416091954023,2011-12-13 08:56:42,478,4061
841,yapf,Python,64,0.11975781249999999,2015-03-18 18:22:31,208,9946
842,yarn,JavaScript,19,-0.10020526315789474,2016-01-19 17:39:16,617,37310
843,yasea,C,177,0.03627796610169491,2016-04-06 13:37:53,254,3586
844,yesod,Haskell,197,0.12348426395939086,2009-06-27 22:54:51,106,2162
845,yi,Haskell,76,0.1966342105263158,2011-02-06 21:16:54,65,1305
846,you-get,Python,182,0.1603516483516484,2012-08-20 15:53:36,1177,28095
847,youtube-dl,Python,54,0.059279629629629634,2010-10-31 14:35:07,1819,57940
848,zaproxy,Java,130,0.30137,2015-06-03 16:55:01,385,6569
849,zero-bullshit-haskell,Haskell,13,0.6109615384615386,2019-02-13 20:58:46,20,348
850,zfs,C,232,0.10137155172413792,2009-12-14 20:20:34,467,4939
851,zheng,Java,54,0.05794444444444445,2016-10-04 10:07:06,1497,14584
852,zipkin,Java,130,0.21766076923076924,2012-06-06 18:26:16,725,12001
853,zipline,Python,69,0.11791159420289854,2012-10-19 15:50:29,912,10131
854,zju-icicles,C,10,-0.15377000000000002,2016-06-28 16:17:32,815,14625
855,zsh-git-prompt,Haskell,98,0.2025989795918367,2010-04-29 18:05:24,42,1287
856,zstd,C,113,0.34327168141592923,2015-01-24 00:22:38,392,11128
857,zulip,Python,144,0.37540555555555555,2015-09-25 16:37:25,360,10651
858,zuul,Java,51,0.13407843137254902,2013-03-13 18:53:57,862,8455
859,zxing,Java,40,0.2075025,2011-10-12 14:07:27,1672,24124
